sector,points,source
cluster_605_sector001_macro,69010.6 -84044.5;67344.9 -78009.7;65141.7 -68025.1;62640.5 -55451.6;60080.8 -41649.5;57702.0 -27979.7;55743.6 -15802.7;54445.1 -6479.2;54046.0 -1369.7;54939.2 3091.5;57113.4 10670.8;60201.3 20308.1;63835.6 30943.8;67649.0 41517.9;71274.3 50970.5;74344.1 58241.8;76491.1 62271.9,ego_dlc_boron
cluster_605_sector001_macro,75503.1 74278.0;69794.4 76992.0;60160.8 80921.8;47939.6 85590.9;34468.2 90523.1;21083.9 95241.8;9124.2 99270.6;-73.6 102133.3;-5172.1 103353.3;-9858.4 103020.2;-17943.4 101714.2;-28275.7 99695.1;-39703.7 97222.8;-51075.7 94556.9;-61240.2 91957.3;-69045.7 89683.8;-73340.5 87996.1,ego_dlc_boron
cluster_605_sector001_macro,-85682.4 81043.8;-88862.7 78527.1;-93489.3 73577.5;-98990.2 66940.8;-104793.5 59363.0;-110327.3 51589.9;-115019.5 44367.5;-118298.2 38441.5;-119591.6 34557.9;-118682.4 29539.6;-116053.6 20567.7;-112183.6 8925.7;-107551.0 -4103.0;-102634.1 -17235.1;-97911.3 -29187.1;-93861.0 -38675.7;-90961.7 -44417.5,ego_dlc_boron
cluster_605_sector001_macro,-68377.5 -53311.3;-63502.7 -54612.0;-55069.4 -56950.9;-44275.1 -59987.7;-32317.2 -63381.8;-20393.4 -66792.8;-9701.1 -69880.5;-1437.8 -72304.3;3199.0 -73723.8;7273.1 -75190.5;14032.4 -77742.9;22555.6 -81020.4;31921.3 -84662.9;41208.2 -88309.9;49495.0 -91601.3;55860.3 -94176.6;59382.7 -95675.5,ego_dlc_boron
cluster_606_sector001_macro,102359.6 93717.0;98919.5 87335.0;92989.0 76328.8;85378.5 62202.8;76898.5 46461.4;68359.4 30609.2;60571.7 16150.6;54345.7 4590.0;50492.0 -2568.1;46254.2 -10446.9;38994.3 -23947.7;29699.9 -41233.6;19358.8 -60467.4;8958.5 -79812.0;-513.1 -97430.5;-8068.4 -111485.7;-12719.8 -120140.6,ego_dlc_boron
cluster_606_sector001_macro,-6841.0 -122909.8;-2318.3 -114581.9;5055.9 -100964.0;14314.9 -83845.6;24491.7 -65016.3;34619.5 -46265.5;43731.3 -29382.9;50860.3 -16157.9;55039.6 -8380.0;58900.1 -1112.9;65170.8 10737.1;73031.9 25616.1;81663.7 41970.3;90246.5 58246.0;97960.4 72889.2;103985.9 84346.3;107503.0 91063.4,ego_dlc_boron
cluster_606_sector002_macro,4716.0 -22015.6;5255.9 -19017.2;6155.8 -14019.8;7295.6 -7689.7;8555.3 -693.3;9815.1 6303.0;10954.9 12633.1;11854.8 17630.5;12394.7 20628.9;12934.6 23627.5;13834.4 28625.2;14974.2 34955.7;16233.9 41952.6;17493.7 48949.6;18633.5 55280.3;19533.4 60278.4;20073.3 63277.3;20613.2 66275.8;21513.1 71273.2;22652.8 77603.2;23912.6 84599.6;25172.4 91596.0;26312.2 97926.0;27212.0 102923.4;27751.9 105921.9;28291.8 108920.3;29191.6 113917.7;30331.4 120247.8;31591.2 127244.1;32851.0 134240.5;33990.8 140570.6;34890.7 145568.0;35430.6 148566.4,ego_dlc_boron
cluster_606_sector002_macro,31140.8 149246.1;30573.4 146236.8;29627.6 141221.1;28429.7 134867.8;27105.6 127845.7;25781.5 120823.6;24583.6 114470.4;23637.8 109454.7;23070.4 106445.3;22503.0 103436.0;21557.2 98420.3;20359.3 92067.0;19035.2 85044.9;17711.2 78022.9;16513.2 71669.6;15567.5 66653.9;15000.0 63644.5;14432.6 60635.2;13486.9 55619.5;12288.9 49266.2;10964.9 42244.2;9640.8 35222.1;8442.9 28868.8;7497.2 23853.1;6929.7 20843.8;6362.3 17834.4;5416.5 12818.7;4218.6 6465.4;2894.5 -556.6;1570.5 -7578.7;372.5 -13932.0;-573.2 -18947.7;-1140.6 -21957.0,ego_dlc_boron
cluster_606_sector002_macro,25972.4 -59547.0;28091.0 -59231.7;31621.9 -58706.2;36094.4 -58040.5;41037.7 -57304.8;45980.9 -56569.0;50453.4 -55903.4;53984.3 -55377.9;56102.9 -55062.6;58221.4 -54747.3;61752.3 -54221.8;66224.8 -53556.2;71168.1 -52820.4;76111.4 -52084.7;80583.9 -51419.0;84114.8 -50893.5;86233.4 -50578.2;88351.9 -50263.1;91882.8 -49738.0;96355.4 -49073.0;101298.7 -48338.0;106242.0 -47603.0;110714.5 -46937.9;114245.4 -46412.9;116363.9 -46097.8;118482.5 -45782.5;122013.4 -45257.0;126485.9 -44591.3;131429.2 -43855.6;136372.5 -43119.8;140845.0 -42454.2;144375.9 -41928.7;146494.4 -41613.4,ego_dlc_boron
cluster_606_sector002_macro,146293.8 -36487.5;144177.4 -36796.7;140650.2 -37312.2;136182.4 -37965.1;131244.3 -38686.7;126306.2 -39408.3;121838.4 -40061.2;118311.1 -40576.6;116194.8 -40885.9;114078.5 -41195.2;110551.3 -41710.6;106083.5 -42363.5;101145.4 -43085.1;96207.3 -43806.8;91739.5 -44459.6;88212.2 -44975.1;86095.9 -45284.3;83979.6 -45593.6;80452.4 -46109.1;75984.6 -46761.9;71046.5 -47483.6;66108.3 -48205.2;61640.5 -48858.1;58113.3 -49373.5;55997.0 -49682.8;53880.7 -49992.0;50353.5 -50507.5;45885.6 -51160.4;40947.5 -51882.0;36009.4 -52603.6;31541.6 -53256.5;28014.4 -53772.0;25898.1 -54081.2,ego_dlc_boron
cluster_606_sector003_macro,-77593.7 116359.4;-79280.4 113934.2;-82091.5 109892.3;-85652.3 104772.6;-89587.9 99114.0;-93523.4 93455.4;-97084.2 88335.7;-99895.3 84293.8;-101582.0 81868.6;-103268.7 79443.5;-106079.8 75401.6;-109640.6 70281.9;-113576.1 64623.3;-117511.7 58964.7;-121072.5 53844.9;-123883.6 49803.1;-125570.3 47377.9;-127257.0 44952.8;-130068.1 40910.9;-133628.8 35791.2;-137564.4 30132.6;-141500.0 24473.9;-145060.8 19354.2;-147871.9 15312.3;-149558.6 12887.2;-151245.2 10462.1;-154056.4 6420.2;-157617.1 1300.5;-161552.7 -4358.2;-165488.3 -10016.8;-169049.0 -15136.5;-171860.2 -19178.4;-173546.8 -21603.5,ego_dlc_boron
cluster_606_sector003_macro,-167269.5 -23015.1;-165595.2 -20632.6;-162804.6 -16661.6;-159270.0 -11631.8;-155363.2 -6072.5;-151456.5 -513.2;-147921.9 4516.7;-145131.3 8487.6;-143457.0 10870.1;-141782.5 13252.7;-138991.6 17223.6;-135456.4 22253.5;-131549.0 27812.8;-127641.6 33372.1;-124106.3 38402.1;-121315.2 42373.1;-119640.6 44755.9;-117966.3 47138.4;-115175.8 51109.4;-111641.1 56139.3;-107734.4 61698.7;-103827.7 67258.1;-100293.0 72288.0;-97502.5 76259.0;-95828.1 78641.6;-94153.8 81024.1;-91363.3 84995.0;-87828.6 90024.9;-83921.9 95584.2;-80015.2 101143.5;-76480.5 106173.4;-73690.0 110144.3;-72015.6 112526.9,ego_dlc_boron
cluster_608_sector001_macro,-92582.2 144948.1;-89308.3 139352.1;-84431.7 130216.2;-78544.7 118739.3;-72239.5 106120.6;-66108.3 93559.1;-60743.3 82253.9;-56736.6 73404.0;-54680.7 68208.5;-53755.6 63384.9;-52793.8 55536.3;-51865.5 45690.0;-51040.9 34873.5;-50390.3 24114.2;-49984.0 14439.6;-49892.1 6877.0;-50185.0 2453.9;-51608.8 -1597.4;-54561.7 -8158.7;-58592.1 -16374.4;-63248.2 -25388.7;-68078.2 -34345.7;-72630.6 -42389.8;-76453.4 -48665.1;-79095.1 -52315.8;-82867.8 -55594.7;-89735.5 -60868.7;-98724.5 -67453.8;-108861.3 -74665.9;-119172.0 -81820.7;-128683.0 -88234.2;-136420.6 -93222.1;-141411.2 -96100.5,ego_dlc_boron
cluster_608_sector001_macro,-145425.2 -91902.9;-140515.3 -89133.6;-132900.7 -84332.3;-123539.7 -78157.8;-113390.9 -71268.8;-103412.6 -64324.1;-94563.3 -57982.4;-87801.5 -52902.4;-84085.4 -49743.0;-81478.0 -46221.3;-77700.8 -40166.1;-73200.7 -32403.2;-68424.2 -23758.6;-63818.4 -15058.4;-59829.9 -7128.3;-56905.5 -794.4;-55491.9 3117.4;-55187.0 7391.5;-55247.2 14700.7;-55607.8 24052.0;-56203.9 34452.1;-56970.4 44907.9;-57842.7 54426.3;-58755.7 62014.2;-59644.6 66678.4;-61642.1 71704.8;-65539.9 80268.0;-70761.2 91207.6;-76729.7 103363.3;-82868.7 115574.6;-88601.7 126681.4;-93352.2 135523.3;-96543.6 140939.8,ego_dlc_boron
cluster_609_sector001_macro,158419.3 -41441.4;148369.4 -44215.9;132457.2 -47994.7;112720.5 -52358.5;91197.3 -56887.9;69925.4 -61163.8;50942.6 -64766.7;36286.9 -67277.4;27996.1 -68276.5;21338.7 -67627.2;11080.8 -65699.6;-1493.7 -62835.3;-15100.9 -59375.9;-28456.8 -55662.9;-40277.4 -52037.8;-49278.8 -48842.1;-54177.0 -46417.5;-57441.8 -42344.4;-62045.4 -34710.5;-67457.8 -24618.2;-73148.9 -13169.9;-78588.7 -1468.0;-83247.2 9385.1;-86594.3 18287.1;-88100.0 24135.5;-87972.2 31632.4;-86921.5 44972.6;-85171.7 62292.9;-82946.9 81730.1;-80470.7 101420.8;-77967.0 119502.0;-75659.8 134110.3;-73772.9 143382.5,ego_dlc_boron
cluster_609_sector001_macro,-68733.3 143942.0;-70633.2 134855.9;-72977.6 120540.2;-75536.2 102821.0;-78078.5 83524.1;-80374.1 64475.5;-82192.7 47501.3;-83303.9 34427.4;-83477.4 27079.8;-82047.7 21346.4;-78842.8 12618.6;-74372.3 1977.3;-69145.5 -9496.6;-63672.2 -20722.1;-58461.7 -30618.4;-54023.7 -38104.5;-50867.6 -42099.4;-46108.3 -44480.1;-37354.2 -47620.0;-25854.5 -51183.4;-12858.7 -54834.3;383.7 -58236.8;12623.3 -61055.1;22610.6 -62953.3;29096.3 -63595.5;37185.1 -62623.5;51488.6 -60175.6;70017.4 -56661.0;90782.2 -52488.9;111793.6 -48068.4;131062.3 -43808.8;146598.9 -40119.1;156414.2 -37408.6,ego_dlc_boron
cluster_04_sector001_macro,68595.7 -122195.7;74743.7 -113415.4;84990.3 -98781.7;97969.5 -80245.7;112314.8 -59758.5;126660.1 -39271.3;139639.2 -20735.2;149885.8 -6101.4;156033.7 2678.9;177116.9 32872.7;212217.0 83222.6;256660.0 147011.3;305771.9 217521.0;354878.7 288034.3;399306.2 351833.8;434380.5 402201.8;455427.4 432420.9;467880.8 450201.9;488679.5 479806.6;515043.9 517292.4;544194.1 558716.7;573350.1 600136.7;599732.3 637610.1;620560.7 667194.0;633055.4 684945.9;643339.6 699570.3;660477.9 723945.9;682185.5 754822.4;706177.7 788949.3;730169.5 823076.5;751876.3 853953.5;769013.2 878330.1;779295.4 892955.9,
cluster_04_sector001_macro,784208.9 889508.2;772622.6 872985.6;753312.2 845448.0;728852.4 810567.2;701817.8 772014.8;674783.2 733462.3;650323.4 698581.5;631013.1 671043.9;619426.9 654521.2;606963.3 636724.5;586201.2 607055.8;559907.2 569472.3;530847.9 527930.7;501790.1 486388.2;475500.3 448801.6;454745.4 419128.0;442291.9 401324.2;422397.1 372889.6;389237.7 325499.5;347235.1 265472.5;300810.8 199127.1;254386.3 132781.8;212383.1 72755.2;179222.6 25365.9;159326.4 -3067.8;153293.3 -11686.5;143236.7 -26050.1;130497.7 -44243.5;116417.4 -64351.7;102336.8 -84459.8;89597.2 -102652.7;79539.6 -117015.5;73505.1 -125633.3,
cluster_08_sector001_macro,-161911.1 -71703.8;-160406.8 -70913.7;-157047.9 -69223.7;-152386.6 -66907.2;-146975.2 -64237.5;-141365.9 -61487.9;-136110.9 -58931.6;-131762.6 -56841.9;-128873.0 -55492.2;-124814.6 -53690.0;-117326.8 -50390.9;-107513.3 -46089.7;-96477.7 -41281.4;-85323.5 -36461.1;-75154.2 -32123.7;-67073.4 -28764.2;-62184.6 -26877.6;-57044.2 -25353.2;-48289.6 -22962.7;-37145.6 -20024.8;-24836.9 -16858.0;-12588.6 -13780.9;-1625.3 -11112.2;6827.9 -9170.5;11546.3 -8274.3;15334.2 -8314.5;21296.2 -8880.5;28657.8 -9839.2;36644.6 -11057.3;44482.1 -12401.4;51395.9 -13738.3;56611.3 -14934.9;59354.1 -15857.7,
cluster_08_sector001_macro,59854.1 -14991.6;57137.8 -13954.6;51931.9 -12533.8;45013.1 -10900.7;37158.0 -9227.0;29143.4 -7684.5;21745.9 -6444.7;15742.3 -5679.2;11909.2 -5559.8;7102.5 -6461.8;-1507.8 -8429.9;-12673.2 -11139.2;-25145.5 -14265.1;-37676.4 -17482.8;-49017.4 -20467.8;-57920.4 -22895.2;-63136.9 -24440.3;-68061.0 -26337.7;-76181.3 -29709.8;-86391.3 -34063.5;-97584.3 -38905.6;-108653.8 -43743.0;-118493.3 -48082.8;-125996.1 -51431.7;-130055.8 -53296.7;-132910.1 -54758.4;-137176.9 -57026.8;-142320.1 -59803.0;-147803.2 -62788.0;-153090.2 -65682.9;-157644.6 -68188.8;-160930.3 -70006.8;-162411.1 -70837.8,
cluster_09_sector001_macro,-19500.0 -75000.0;-19500.0 -73386.9;-19500.0 -70490.1;-19500.0 -66737.5;-19500.0 -62557.0;-19500.0 -58376.5;-19500.0 -54623.9;-19500.0 -51727.1;-19500.0 -50114.0;-19500.0 -47397.7;-19500.0 -42870.5;-19500.0 -37136.1;-19500.0 -30798.1;-19500.0 -24460.1;-19500.0 -18725.7;-19500.0 -14198.5;-19500.0 -11482.2;-19500.0 -8838.2;-19500.0 -4431.5;-19500.0 1150.4;-19500.0 7319.8;-19500.0 13489.2;-19500.0 19071.1;-19500.0 23477.8;-19500.0 26121.8;-19500.0 27664.0;-19500.0 30442.7;-19500.0 34045.7;-19500.0 38060.9;-19500.0 42076.1;-19500.0 45679.1;-19500.0 48457.8;-19500.0 50000.0,
cluster_09_sector001_macro,-20500.0 50000.0;-20500.0 47998.1;-20500.0 44453.3;-20500.0 39879.9;-20500.0 34792.2;-20500.0 29704.4;-20500.0 25131.0;-20500.0 21586.2;-20500.0 19584.3;-20500.0 17471.6;-20500.0 13950.4;-20500.0 9490.2;-20500.0 4560.4;-20500.0 -369.3;-20500.0 -4829.5;-20500.0 -8350.7;-20500.0 -10463.5;-20500.0 -12710.4;-20500.0 -16455.2;-20500.0 -21198.7;-20500.0 -26441.4;-20500.0 -31684.2;-20500.0 -36427.6;-20500.0 -40172.5;-20500.0 -42419.4;-20500.0 -44573.5;-20500.0 -48372.0;-20500.0 -53266.8;-20500.0 -58709.7;-20500.0 -64152.6;-20500.0 -69047.4;-20500.0 -72845.9;-20500.0 -75000.0,
cluster_10_sector001_macro,-73021.3 7678.7;-71050.6 8640.2;-67486.5 10177.4;-62866.8 12084.2;-57729.4 14154.5;-52612.0 16182.3;-48052.4 17961.6;-44588.3 19286.2;-42757.6 19950.3;-38547.9 21363.3;-31000.9 23970.7;-21200.9 27400.9;-10232.2 31282.1;821.1 35242.6;10874.6 38910.9;18844.0 41915.3;23645.0 43884.1;27012.3 45690.5;32410.8 48871.2;39120.4 53012.7;46420.4 57701.2;53590.8 62523.2;59911.0 67065.0;64660.7 70912.9;67119.7 73653.5;67681.8 75018.5;68626.4 77612.5;69812.5 81038.6;71099.2 84899.8;72345.4 88799.1;73410.1 92339.5;74152.5 95124.1;74431.5 96755.9,
cluster_10_sector001_macro,73431.5 96755.9;73203.4 95381.1;72594.6 92939.5;71718.6 89788.1;70688.9 86283.7;69618.8 82783.3;68622.0 79643.8;67811.8 77222.3;67301.8 75875.6;64765.6 73054.7;59638.8 69006.5;52772.2 64199.9;45016.8 59103.5;37223.7 54186.2;30243.7 49916.9;24927.8 46764.2;22127.0 45197.0;18248.6 43597.6;10709.1 40707.2;716.7 36965.5;-10520.3 32812.2;-21793.6 28687.0;-31894.9 25029.8;-39616.1 22280.2;-43748.7 20877.9;-45488.3 20242.5;-48855.0 18927.1;-53318.4 17142.3;-58348.2 15098.5;-63413.8 13006.3;-67984.8 11076.2;-71530.8 9518.9;-73521.3 8544.7,
cluster_11_sector001_macro,46249.3 88177.2;45410.6 87726.0;43729.0 86815.5;41467.4 85589.6;38888.9 84192.6;36256.4 82768.3;33833.0 81460.9;31881.6 80414.3;30665.2 79772.6;28929.6 79080.8;25590.3 77905.2;21165.2 76421.9;16171.9 74807.0;11128.4 73236.7;6552.2 71886.9;2961.3 70933.9;873.3 70553.7;-1136.0 70821.4;-4520.6 71594.4;-8806.8 72722.3;-13520.7 74054.5;-18188.8 75440.8;-22337.3 76730.7;-25492.6 77773.8;-27180.9 78419.6;-28461.9 79089.0;-30530.8 80204.1;-33117.1 81616.5;-35950.2 83178.0;-38759.8 84740.2;-41275.2 86154.8;-43226.0 87273.4;-44341.8 87947.8,
cluster_11_sector001_macro,-44841.8 87081.7;-43617.0 86386.7;-41454.4 85155.7;-38662.6 83567.3;-35550.4 81799.9;-32426.6 80032.1;-29599.9 78442.5;-27379.1 77209.5;-26072.8 76511.8;-24477.1 75883.2;-21481.8 74841.5;-17536.8 73540.8;-13092.0 72135.7;-8597.2 70780.3;-4502.5 69628.9;-1257.5 68835.8;687.7 68555.4;2717.2 68949.1;6181.8 69949.2;10581.5 71366.1;15416.6 73010.2;20187.1 74691.9;24393.3 76221.5;27535.3 77409.5;29113.2 78066.3;30253.5 78658.6;32236.0 79687.7;34791.8 81015.7;37651.7 82504.7;40546.5 84016.6;43207.1 85413.6;45364.5 86557.8;46749.3 87311.2,
cluster_12_sector001_macro,9500.0 120000.0;9500.0 118269.0;9500.0 115383.9;9500.0 111729.5;9499.9 107690.4;9499.9 103651.4;9499.9 99997.0;9499.9 97111.9;9499.9 95380.9;9499.9 89491.1;9499.9 79674.9;9500.0 67241.0;9500.1 53498.2;9500.1 39755.5;9500.2 27321.6;9500.2 17505.3;9500.2 11615.6;9500.2 6840.9;9500.2 -1116.9;9500.1 -11196.8;9500.1 -22337.7;9500.1 -33478.6;9500.1 -43558.5;9500.0 -51516.3;9500.0 -56291.0;9500.0 -58661.1;9500.0 -62611.4;9500.0 -67615.1;9500.0 -73145.5;9500.0 -78675.9;9500.0 -83679.6;9500.0 -87629.8;9500.0 -90000.0,
cluster_12_sector001_macro,10500.0 -90000.0;10500.0 -87633.9;10500.0 -83690.5;10500.0 -78695.5;10500.0 -73174.7;10500.0 -67653.9;10499.9 -62658.9;10500.0 -58715.5;10500.0 -56349.4;10500.0 -51570.8;10500.0 -43606.5;10500.0 -33518.3;10500.0 -22368.2;10500.0 -11218.1;10499.9 -1129.9;10499.9 6834.4;10499.9 11613.0;10499.9 17490.5;10499.9 27286.5;10499.9 39694.6;10499.9 53408.9;10499.9 67123.2;10500.0 79531.3;10500.0 89327.2;10500.0 95204.8;10500.1 96948.2;10500.1 99853.9;10500.1 103534.4;10500.0 107602.4;10500.0 111670.4;10500.0 115350.9;10500.0 118256.6;10500.0 120000.0,
cluster_13_sector001_macro,-19500.0 -65000.0;-19147.1 -63451.1;-18202.8 -60278.1;-16834.1 -55984.2;-15207.9 -51072.4;-13491.2 -46046.0;-11851.0 -41408.0;-10454.1 -37661.6;-9467.5 -35310.0;-7943.9 -32356.6;-5110.6 -26997.2;-1397.0 -20023.7;2767.6 -12227.7;6954.1 -4401.0;10733.0 2664.7;13675.2 8177.6;15351.2 11346.1;16770.6 14085.1;19031.4 18464.6;21837.4 23925.2;24892.5 29907.5;27900.6 35852.1;30565.6 41199.5;32591.2 45390.3;33681.4 47865.1;34375.1 50421.0;35335.1 54814.0;36450.8 60423.6;37611.9 66629.3;38707.8 72810.3;39628.2 78346.2;40262.4 82616.3;40500.0 85000.0,
cluster_13_sector001_macro,39500.0 85000.0;39216.0 82617.1;38456.6 78349.2;37356.9 72815.7;36052.1 66636.3;34677.3 60430.4;33367.8 54817.6;32258.7 50417.4;31485.0 47849.4;30343.5 45332.7;28243.5 41056.4;25489.9 35595.1;22387.2 29523.3;19240.3 23415.5;16353.8 17846.3;14032.4 13390.3;12580.9 10622.0;10883.1 7480.3;7909.4 2039.5;4094.5 -4923.3;-126.7 -12630.7;-4319.7 -20305.5;-8049.7 -27170.2;-10882.0 -32447.7;-12381.8 -35360.6;-13259.4 -37697.1;-14429.9 -41429.0;-15766.5 -46053.9;-17142.3 -51069.8;-18430.5 -55974.5;-19504.1 -60265.9;-20236.2 -63441.8;-20500.0 -65000.0,
cluster_14_sector001_macro,50500.1 -110000.0;50500.1 -108438.1;50500.1 -105626.6;50500.1 -101981.9;50500.1 -97920.6;50500.1 -93859.4;50500.1 -90214.7;50500.1 -87403.1;50500.0 -85841.3;50500.0 -78433.3;50500.0 -66086.8;50500.0 -50447.8;50500.0 -33162.6;50500.0 -15877.4;50500.0 -238.5;50500.0 12108.1;50500.0 19516.0;50500.0 25299.6;50500.0 34938.9;50500.0 47148.6;50500.0 60643.6;50500.0 74138.6;50500.0 86348.4;50500.0 95987.6;50500.0 101771.2;50500.0 102916.0;50500.0 105032.6;50500.0 107797.2;50499.9 110885.6;50499.9 113974.1;50499.9 116738.6;50499.9 118855.2;50499.8 120000.0,
cluster_14_sector001_macro,49500.0 120001.3;49500.0 118552.3;49500.0 116215.5;49500.0 113299.7;49500.1 110114.0;49500.1 106967.4;49500.1 104168.8;49500.1 102027.3;49500.1 100851.7;49500.1 95068.1;49500.2 85428.9;49500.2 73219.1;49500.2 59724.1;49500.1 46229.1;49500.1 34019.4;49500.1 24380.1;49500.1 18596.5;49500.1 11188.6;49500.1 -1158.0;49500.1 -16796.9;49500.1 -34082.1;49500.1 -51367.3;49500.1 -67006.3;49500.1 -79352.8;49500.1 -86760.8;49500.1 -88223.9;49500.1 -90844.8;49500.1 -94250.4;49500.1 -98068.0;49500.1 -101924.6;49500.0 -105447.4;49500.0 -108263.5;49500.0 -110000.0,
cluster_15_sector001_macro,50981.9 -101323.0;50574.8 -100678.7;49896.3 -99604.9;49036.8 -98244.8;48086.9 -96741.5;47137.0 -95238.1;46277.5 -93878.0;45599.0 -92804.2;45191.9 -92160.0;35361.7 -76603.5;18978.0 -50676.2;-1774.8 -17834.9;-24712.0 18463.4;-47649.3 54761.7;-68402.0 87602.9;-84785.7 113530.3;-94615.9 129086.7;-95023.0 129731.0;-95701.5 130804.7;-96561.0 132164.8;-97510.9 133668.1;-98460.8 135171.3;-99320.3 136531.4;-99998.8 137605.1;-100405.9 138249.3,
cluster_15_sector001_macro,-100410.4 145254.1;-100059.4 144702.8;-99474.5 143784.0;-98733.6 142620.2;-97914.7 141333.9;-97095.8 140047.6;-96354.9 138883.8;-95770.0 137965.0;-95419.0 137413.7;-85082.8 121178.2;-67856.1 94118.9;-46035.6 59843.8;-21918.2 21960.8;2199.1 -15922.3;24019.5 -50197.4;41246.1 -77256.8;51582.1 -93492.4;51933.1 -94043.7;52518.0 -94962.6;53258.9 -96126.5;54077.8 -97412.9;54896.7 -98699.3;55637.6 -99863.2;56222.5 -100782.1;56573.5 -101333.4,
cluster_18_sector001_macro,3649.0 -143681.5;3649.0 -142666.3;3649.0 -140762.3;3649.0 -138265.7;3649.0 -135472.8;3649.1 -132680.0;3649.1 -130183.4;3649.1 -128279.4;3649.1 -127264.2;3649.1 -123204.2;3649.1 -116437.7;3649.1 -107866.7;3649.1 -98393.6;3649.1 -88920.4;3649.1 -80349.4;3649.1 -73582.9;3649.1 -69523.0;3649.1 -63826.8;3649.0 -54333.3;3649.0 -42308.2;3648.9 -29017.3;3648.9 -15726.4;3648.9 -3701.3;3649.0 5792.2;3649.1 11488.3;3651.6 12997.1;3658.0 15749.0;3667.1 19329.9;3677.5 23325.1;3687.8 27320.3;3696.9 30901.1;3703.3 33653.1;3705.7 35161.9,
cluster_18_sector001_macro,2705.7 35161.9;2701.2 34134.5;2693.3 32185.6;2683.1 29622.4;2671.7 26752.1;2660.4 23881.8;2650.1 21318.7;2642.2 19369.8;2637.8 18342.4;2623.8 12138.0;2617.2 1797.3;2616.3 -11301.0;2619.4 -25778.1;2624.8 -40255.1;2630.8 -53353.4;2635.7 -63694.2;2637.8 -69898.6;2637.9 -73765.9;2637.9 -80211.2;2637.9 -88375.3;2637.8 -97398.8;2637.8 -106422.3;2637.8 -114586.5;2637.8 -121031.8;2637.8 -124899.0;2638.3 -126080.5;2639.6 -128261.7;2641.4 -131109.4;2643.4 -134290.3;2645.5 -137471.2;2647.3 -140318.8;2648.5 -142500.0;2649.0 -143681.5,
cluster_18_sector001_macro,19925.9 -133639.4;22305.6 -133373.7;26223.3 -132611.0;31161.5 -131485.3;36602.8 -130130.1;42029.7 -128679.5;46924.8 -127267.0;50770.6 -126026.6;53049.8 -125091.9;55173.4 -123640.9;58616.4 -120982.0;62957.4 -117445.1;67774.9 -113360.2;72647.6 -109056.9;77154.0 -104865.4;80872.7 -101115.3;83382.2 -98136.7;86926.0 -92535.7;93371.3 -81834.6;101733.3 -67737.6;111026.7 -51948.7;120266.5 -36172.2;128467.5 -22112.0;134644.7 -11472.4;137813.0 -5957.5;139248.0 -3254.3;140816.3 -67.2;142418.8 3373.4;143956.6 6837.4;145330.8 10094.6;146442.5 12914.7;147192.6 15067.5;147482.2 16322.8;147207.1 17394.9;146425.8 19017.7;145283.7 20990.3;143926.0 23111.7;142498.0 25180.9;141145.1 26996.9;140012.4 28358.8;139245.3 29065.6;138285.2 29393.9;136600.9 29742.3;134378.9 30093.2;131805.8 30428.7;129068.1 30731.1;126352.3 30982.5;123845.0 31165.3;121732.7 31261.7;117457.7 31303.0;109216.9 31333.7;98328.7 31355.5;86111.5 31370.0;73883.5 31379.0;62963.2 31384.0;54668.9 31386.7;50318.9 31388.9;47920.5 31391.1;44810.2 31392.6;41300.5 31393.7;37703.6 31394.1;34332.0 31393.8;31498.0 31392.9;29514.1 31391.3;28692.6 31389.1,
cluster_19_sector001_macro,-96126.0 93022.3;-94660.8 92176.4;-92218.9 90766.6;-89125.7 88980.9;-85707.0 87007.2;-82288.2 85033.5;-79195.1 83247.7;-76753.1 81837.8;-75288.0 80991.9;-65529.9 75338.6;-43542.7 62593.1;-13402.7 45119.6;20813.6 25282.0;55030.0 5444.4;85169.9 -12029.1;107157.1 -24774.6;116915.2 -30428.0;117525.5 -30780.4;118542.8 -31367.7;119831.3 -32111.7;121255.5 -32933.9;122679.7 -33756.2;123968.2 -34500.1;124985.5 -35087.4;125595.9 -35439.8,
cluster_20_sector001_macro,9821.0 -116176.6;9821.0 -115006.9;9821.0 -113057.4;9821.0 -110588.0;9821.0 -107858.7;9821.0 -105129.4;9821.0 -102660.1;9821.0 -100710.6;9821.0 -99540.9;9821.0 -85937.0;9821.0 -63263.9;9821.0 -34544.6;9821.0 -2802.2;9821.0 28940.1;9821.0 57659.4;9821.0 80332.6;9821.0 93936.4;9821.0 95468.1;9821.1 98020.9;9821.1 101254.5;9821.2 104828.4;9821.3 108402.4;9821.3 111635.9;9821.4 114188.8;9821.4 115720.4,
cluster_20_sector001_macro,13841.8 115729.6;13841.9 114173.3;13841.9 111579.4;13841.9 108293.9;13841.9 104662.6;13842.0 101031.2;13842.0 97745.7;13842.0 95151.9;13842.0 93595.6;13842.1 80014.5;13842.2 57379.2;13842.2 28708.0;13842.2 -2981.3;13842.2 -34670.6;13842.2 -63341.9;13842.1 -85977.1;13842.0 -99558.2;13842.0 -100727.1;13842.0 -102675.3;13842.0 -105142.9;13842.0 -107870.3;13842.0 -110597.7;13842.0 -113065.4;13842.0 -115013.5;13842.0 -116182.4,
cluster_22_sector001_macro,126342.3 56880.1;123578.3 55537.4;118071.3 52967.9;110673.8 49560.4;102238.3 45703.6;93617.4 41786.4;85663.6 38197.6;79229.7 35326.0;75168.0 33560.4;70108.3 31518.2;60990.3 27900.9;49131.1 23224.0;35848.2 18003.0;22458.9 12753.3;10280.4 7990.4;630.2 4229.6;-5174.5 1986.5;-11122.2 -243.1;-21160.3 -3969.8;-33910.1 -8688.0;-47993.1 -13892.1;-62030.5 -19076.5;-74643.6 -23735.8;-84453.8 -27364.2;-90082.4 -29456.3;-95133.9 -31404.4;-103393.4 -34642.6;-113753.4 -38728.0;-125106.1 -43217.6;-136344.0 -47668.4;-146359.4 -51637.5;-154044.5 -54681.8;-158291.8 -56358.4,
cluster_22_sector001_macro,-157949.8 -57298.1;-153621.2 -55675.9;-145795.4 -52797.7;-135601.0 -49072.1;-124166.8 -44907.2;-112621.3 -40711.5;-102093.3 -36893.4;-93711.4 -33861.0;-88604.4 -32022.9;-82965.7 -30051.6;-73153.9 -26658.2;-60544.8 -22308.4;-46514.4 -17468.0;-32438.5 -12602.7;-19693.0 -8178.2;-9654.0 -4660.5;-3697.3 -2515.2;2148.1 -219.2;11882.0 3696.7;24171.9 8685.4;37685.2 14200.2;51089.4 19694.0;63051.8 24620.0;72240.1 28431.2;77321.6 30580.8;81315.2 32480.2;87580.2 35615.6;95294.8 39551.9;103637.0 43853.8;111784.7 48086.1;118916.2 51813.7;124209.3 54601.4;126842.3 56014.1,
cluster_24_sector001_macro,-29720.5 57882.6;-28842.2 56461.8;-26929.5 53296.4;-24291.5 48909.0;-21237.0 43822.7;-18075.0 38560.2;-15114.5 33644.4;-12664.4 29598.2;-11033.7 26944.5;-8786.2 23357.6;-4671.4 16794.2;723.0 8200.6;6809.7 -1476.8;13000.9 -11291.9;18709.3 -20298.3;23347.2 -27549.8;26327.0 -32100.0;30062.2 -37461.8;36705.1 -46866.1;45277.0 -58943.2;54799.0 -72323.9;64292.5 -85638.5;72778.5 -97517.7;79278.2 -106592.0;82813.0 -111492.0;85433.8 -114863.4;89497.2 -119855.0;94482.4 -125851.4;99868.5 -132237.5;105134.8 -138398.1;109760.4 -143717.8;113224.7 -147581.5;115006.7 -149373.9,
cluster_24_sector001_macro,115580.3 -148554.7;113864.4 -146770.9;110551.3 -142895.6;106135.3 -137550.9;101110.8 -131358.7;95972.0 -124941.0;91213.2 -118920.0;87328.8 -113917.4;84813.0 -110555.4;81414.6 -105676.2;75176.7 -96620.3;67034.3 -84756.6;57922.9 -71454.1;48777.6 -58081.8;40533.7 -46008.7;34126.6 -36603.9;30491.4 -31236.2;27473.3 -26659.9;22704.4 -19353.5;16800.4 -10272.9;10377.1 -374.0;4050.3 9387.4;-1564.3 18055.4;-5850.8 24674.2;-8193.6 28288.0;-9939.5 30904.1;-12615.9 34837.8;-15877.9 39595.4;-19380.6 44683.0;-22779.3 49606.7;-25728.9 53872.7;-27884.5 56987.1;-28901.3 58456.1,
cluster_24_sector001_macro,-39718.9 46668.0;-39864.1 45014.7;-40300.8 41740.3;-40951.3 37333.2;-41738.0 32281.9;-42583.2 27074.9;-43409.0 22200.7;-44137.9 18147.8;-44692.1 15404.7;-45649.2 11546.9;-47456.8 4520.1;-49842.1 -4632.2;-52532.3 -14866.4;-55254.4 -25139.1;-57735.8 -34406.6;-59703.5 -41625.4;-60884.8 -45752.1;-62089.4 -49268.0;-64123.3 -54868.4;-66708.2 -61830.5;-69565.6 -69431.3;-72417.2 -76947.9;-74984.5 -83657.5;-76989.1 -88837.1;-78152.6 -91763.9;-79192.8 -94104.9;-80868.1 -97708.7;-82961.1 -102124.5;-85254.0 -106901.6;-87529.6 -111589.4;-89570.1 -115737.0;-91158.1 -118893.8;-92076.1 -120609.0,
cluster_24_sector001_macro,-86073.6 -134273.1;-84980.2 -134263.5;-82482.0 -134332.4;-78979.6 -134462.0;-74873.8 -134634.7;-70565.1 -134832.9;-66454.4 -135038.8;-62942.3 -135234.8;-60429.5 -135403.2;-56528.6 -135740.4;-49298.0 -136389.9;-39806.6 -137254.8;-29123.3 -138238.2;-18317.2 -139243.1;-8457.3 -140172.6;-612.6 -140929.8;4148.0 -141417.7;9231.9 -142039.5;17935.1 -143151.8;29021.9 -144588.1;41256.6 -146181.8;53403.5 -147766.4;64226.6 -149175.4;72490.3 -150242.2;76958.9 -150800.4;79891.7 -151131.8;84051.0 -151593.7;88955.0 -152132.9;94122.1 -152695.8;99070.5 -153229.3;103318.5 -153679.8;106384.6 -153994.0;107786.9 -154118.5,
cluster_25_sector001_macro,-48049.0 54469.0;-48049.0 53471.1;-48049.0 51807.8;-48049.0 49700.9;-48049.0 47372.3;-48049.0 45043.7;-48049.0 42936.9;-48049.0 41273.6;-48049.0 40275.6;-48049.0 35049.9;-48049.0 26340.3;-48049.0 15308.1;-48049.0 3114.7;-48049.0 -9078.8;-48049.0 -20110.9;-48049.0 -28820.5;-48049.0 -34046.3;-48049.0 -42304.9;-48049.0 -56069.4;-48049.0 -73504.4;-48049.0 -92774.6;-48049.0 -112044.9;-48049.0 -129479.8;-48049.0 -143244.3;-48049.0 -151503.0;-48049.0 -154000.6;-48049.1 -158163.4;-48049.1 -163436.1;-48049.2 -169264.0;-48049.3 -175091.8;-48049.3 -180364.6;-48049.4 -184527.3;-48049.4 -187025.0,
cluster_25_sector001_macro,-51954.7 -187035.9;-51954.8 -184354.0;-51954.8 -179884.1;-51954.8 -174222.2;-51954.9 -167964.4;-51954.9 -161706.6;-51955.0 -156044.7;-51955.0 -151574.8;-51955.0 -148892.9;-51955.1 -141728.8;-51955.1 -129788.7;-51955.1 -114664.6;-51955.1 -97948.4;-51955.1 -81232.2;-51955.0 -66108.1;-51955.0 -54168.0;-51955.0 -47003.9;-51955.0 -40989.8;-51955.0 -30966.4;-51955.0 -18270.1;-51955.0 -4237.3;-51955.0 9795.6;-51955.0 22491.9;-51955.0 32515.3;-51955.0 38529.4;-51955.0 39648.7;-51955.0 41514.2;-51955.0 43877.1;-51955.0 46488.7;-51955.0 49100.4;-51955.0 51463.3;-51955.0 53328.8;-51955.0 54448.1,
cluster_28_sector001_macro,90265.1 41026.8;90265.1 41989.4;90265.1 43593.8;90265.1 45626.0;90265.0 47872.2;90265.0 50118.3;90265.0 52150.6;90265.0 53754.9;90265.0 54717.6;90265.0 56195.5;90265.0 58658.6;90265.0 61778.6;90265.0 65227.1;90265.0 68675.5;90265.0 71795.5;90265.0 74258.7;90265.0 75736.6;90265.0 77445.1;90265.0 80292.6;90265.0 83899.5;90265.0 87886.1;90265.0 91872.6;90265.0 95479.5;90265.0 98327.1;90265.0 100035.6;90265.0 100982.6;90265.0 102560.9;90265.0 104560.2;90265.0 106769.9;90265.0 108979.6;90265.0 110978.8;90265.0 112557.2;90265.0 113504.2,
cluster_28_sector001_macro,94226.0 113500.0;94226.0 112556.6;94226.0 110984.3;94226.0 108992.6;94226.0 106791.4;94226.0 104590.1;94226.0 102598.4;94226.0 101026.1;94226.0 100082.7;94226.0 98403.0;94226.0 95603.4;94226.0 92057.2;94226.0 88137.8;94226.0 84218.4;94226.0 80672.3;94226.0 77872.7;94226.0 76192.9;94226.0 74750.2;94226.0 72345.7;94226.0 69300.0;94226.0 65933.7;94226.0 62567.3;94226.0 59521.6;94226.0 57117.1;94226.0 55674.4;94226.0 54642.6;94226.0 52923.0;94226.1 50744.8;94226.1 48337.3;94226.1 45929.8;94226.1 43751.5;94226.2 42031.9;94226.2 41000.1,
cluster_29_sector001_macro,-104747.1 -128879.1;-104052.6 -127602.8;-102645.3 -125066.4;-100754.8 -121673.5;-98610.9 -117827.6;-96443.1 -113932.0;-94481.2 -110390.4;-92954.7 -107606.3;-92093.5 -105983.0;-86993.0 -96567.9;-78154.9 -81058.9;-66785.9 -61508.4;-54092.6 -39968.9;-41281.7 -18492.7;-29559.9 867.7;-20134.0 16059.9;-14210.5 25031.4;-13794.9 25594.7;-13101.1 26527.3;-12221.8 27706.6;-11249.0 29009.5;-10275.3 30313.1;-9393.0 31494.8;-8694.5 32431.5;-8272.0 33000.4;-7346.5 34184.2;-5791.2 36103.3;-3813.4 38512.4;-1620.4 41165.9;580.4 43818.6;2581.5 46225.1;4175.7 48139.9;5155.5 49317.7;5617.6 49870.4;6371.6 50768.1;7318.0 51892.9;8357.0 53126.9;9389.0 54351.9;10314.1 55450.3;11032.7 56303.8;11445.1 56794.7;20297.2 65859.8;36730.1 81316.3;58335.5 100826.6;82705.4 122053.3;107431.4 142658.9;130105.5 160305.7;148319.3 172656.3;159664.6 177373.1;161384.3 177382.7;164723.7 177387.2;169146.2 177387.7;174115.2 177385.0;179094.4 177380.2;183547.2 177374.1;186937.1 177367.8;188727.6 177362.1,
cluster_29_sector001_macro,188727.6 178362.1;186892.2 178357.4;183342.8 178356.5;178651.4 178358.2;173390.4 178361.3;168131.9 178364.7;163448.0 178367.2;159911.0 178367.7;158093.1 178365.0;146539.7 173954.1;128608.0 162287.4;106539.2 145576.1;82574.8 126031.5;58955.8 105864.8;37923.7 87287.2;21719.8 72509.9;12585.2 63744.1;12143.5 63249.4;11408.1 62388.0;10476.8 61280.2;9447.4 60046.2;8417.7 58806.3;7485.5 57680.6;6748.6 56789.3;6304.8 56252.8;5351.7 55099.4;3765.2 53175.9;1757.8 50740.4;-457.8 48051.0;-2669.0 45366.1;-4663.4 42943.8;-6228.3 41042.4;-7151.2 39920.1;-7570.4 39382.9;-8269.1 38461.1;-9154.1 37281.7;-10132.2 35971.7;-11110.3 34658.0;-11995.1 33467.7;-12693.6 32527.8;-13112.5 31965.1;-18977.3 23156.7;-28264.5 8150.1;-39795.3 -11013.6;-52391.1 -32293.1;-64872.9 -53647.0;-76062.0 -73034.2;-84779.7 -88413.2;-89847.1 -97742.9;-90831.6 -99683.2;-92640.8 -103243.0;-95003.4 -107882.4;-97647.7 -113061.6;-100302.3 -118240.7;-102695.8 -122879.9;-104556.5 -126439.4;-105613.1 -128379.2,
cluster_32_sector001_macro,49352.8 -80008.5;47993.7 -80009.6;45728.6 -80011.5;42859.5 -80013.9;39688.3 -80016.6;36517.2 -80019.2;33648.1 -80021.6;31383.0 -80023.5;30023.9 -80024.6;28057.1 -80025.3;24779.0 -80025.7;20626.8 -80025.7;16037.6 -80025.6;11448.3 -80025.3;7296.1 -80025.0;4018.0 -80024.7;2051.2 -80024.6;-168.3 -80024.6;-3867.5 -80024.6;-8553.2 -80024.6;-13732.1 -80024.6;-18911.0 -80024.6;-23596.7 -80024.6;-27295.9 -80024.6;-29515.5 -80024.6;-30972.4 -80027.4;-33400.6 -80034.7;-36476.3 -80045.1;-39875.8 -80057.3;-43275.2 -80069.9;-46350.9 -80081.5;-48779.1 -80090.6;-50236.0 -80095.9,
cluster_34_sector001_macro,-139025.6 25573.6;-137434.8 24949.0;-134521.1 23810.9;-130725.4 22330.4;-126488.8 20678.8;-122252.1 19027.2;-118456.4 17546.8;-115542.6 16408.9;-113951.7 15784.6;-107477.0 13306.1;-96655.1 9253.8;-82933.4 4156.7;-67759.2 -1456.3;-52580.0 -7056.0;-38843.2 -12113.5;-27996.1 -16099.6;-21486.1 -18485.5;-11980.8 -21876.6;3883.3 -27458.4;23986.8 -34500.5;46210.0 -42272.6;68433.3 -50044.4;88537.2 -57085.6;104402.0 -62665.7;113908.1 -66054.5;115646.3 -66689.3;118725.6 -67814.5;122698.8 -69266.6;127118.9 -70882.2;131538.8 -72497.9;135511.5 -73950.1;138589.9 -75075.4;140327.0 -75710.5,
cluster_34_sector001_macro,140669.0 -74770.8;138969.7 -74166.9;135988.1 -73053.1;132151.6 -71599.4;127887.8 -69975.6;123624.0 -68351.6;119787.7 -66897.5;116806.3 -65783.0;115107.3 -65178.2;108044.2 -62766.9;96317.5 -58615.8;81483.6 -53298.8;65099.2 -47389.8;48721.0 -41462.7;33905.5 -36091.4;22209.5 -31849.7;15189.6 -29311.6;6085.2 -26041.9;-9093.6 -20589.1;-28321.1 -13678.2;-49571.5 -6034.6;-70819.1 1616.7;-90038.1 8550.5;-105203.0 14041.5;-114287.8 17364.7;-115803.3 17930.9;-118634.1 18990.6;-122341.8 20379.5;-126487.8 21933.4;-130633.5 23487.9;-134340.4 24878.9;-137170.0 25942.1;-138683.6 26513.3,
