sector,macro,x,y,z,source
cluster_01_sector001_macro,tzonecluster_01_sector001shcon5_gatezone_macro,39898.99609375,0.0,200000.0,
cluster_01_sector001_macro,tzonecluster_01_sector001shcon7_gatezone_macro,-200000.0,0.0,50000.0,
cluster_01_sector001_macro,tzonecluster_01_sector001shcon8_gatezone_macro,-200000.0,0.0,39999.71875,
cluster_01_sector001_macro,tzonecluster_01_sector001shcon9_gatezone_macro,50000.0,0.0,200000.0,
cluster_01_sector001_macro,zone001_cluster_01_sector001_macro,-166831.9375,0.0,46814.92578125,
cluster_01_sector001_macro,zone002_cluster_01_sector001_macro,45157.97265625,0.0,164934.765625,
cluster_01_sector001_macro,zone003_cluster_01_sector001_macro,68625.484375,0.0,-37668.13671875,
cluster_01_sector001_macro,zone004_cluster_01_sector001_macro,143765.046875,0.0,148432.28125,
cluster_01_sector001_macro,zone005_cluster_01_sector01_macro,585172.125,-65343.75,-424218.625,
cluster_01_sector002_macro,tzonecluster_01_sector002_macro,354000.0,22000.0,17000.0,
cluster_01_sector002_macro,tzonecluster_01_sector002shcon11_gatezone_macro,200000.0,0.0,-40047.8515625,
cluster_01_sector002_macro,tzonecluster_01_sector002shcon12_gatezone_macro,200000.0,0.0,-50000.0,
cluster_01_sector002_macro,tzonecluster_01_sector002shcon5_gatezone_macro,40468.75,0.0,200000.0,
cluster_01_sector002_macro,tzonecluster_01_sector002shcon9_gatezone_macro,50000.0,0.0,200000.0,
cluster_01_sector002_macro,zone001_cluster_01_sector002_macro,163730.46875,0.0,-46467.7734375,
cluster_01_sector002_macro,zone002_cluster_01_sector002_macro,38722.65625,0.0,173126.953125,
cluster_01_sector002_macro,zone003_cluster_01_sector002_macro,36609.375,0.0,-119380.859375,
cluster_01_sector002_macro,zone004_cluster_01_sector002_macro,-106542.96875,0.0,-84961.9140625,
cluster_01_sector002_macro,zone005_cluster_01_sector002_macro,-85421.875,0.0,37069.3359375,
cluster_01_sector003_macro,tzonecluster_01_sector003shcon10_gatezone_macro,-39492.1875,0.0,-200000.0,
cluster_01_sector003_macro,tzonecluster_01_sector003shcon12_gatezone_macro,170218.75,0.0,-200035.15625,
cluster_01_sector003_macro,tzonecluster_01_sector003shcon4_gatezone_macro,160195.3125,0.0,-200000.0,
cluster_01_sector003_macro,tzonecluster_01_sector003shcon6_gatezone_macro,-50000.0,0.0,-200000.0,
cluster_01_sector003_macro,zone001_cluster_01_sector003_macro,-50039.0625,0.0,-153585.9375,
cluster_01_sector003_macro,zone002_cluster_01_sector003_macro,163507.8125,0.0,-150062.5,
cluster_01_sector003_macro,zone003_cluster_01_sector003_macro,32882.8125,0.0,107679.6875,
cluster_02_sector001_macro,zone001_cluster_02_sector001_macro,-87085.0625,0.0,-89801.140625,
cluster_02_sector001_macro,zone002_cluster_02_sector001_macro,110416.3203125,0.0,83192.765625,
cluster_02_sector001_macro,zone003_cluster_02_sector001_macro,-79336.4140625,0.0,96889.015625,
cluster_02_sector001_macro,zone004_cluster_02_sector001_macro,-114310.4140625,0.0,-8096.015625,
cluster_03_sector001_macro,zone001_cluster_03_sector001_macro,-65355.25390625,0.0,-80258.5703125,
cluster_03_sector001_macro,zone002_cluster_03_sector001_macro,-74079.65625,0.0,102953.9375,
cluster_03_sector001_macro,zone003_cluster_03_sector001_macro,136099.1875,0.0,95815.78125,
cluster_04_sector001_macro,tzonecluster_04_sector001shcon10_gatezone_macro,50000.0,0.0,-200000.0,
cluster_04_sector001_macro,tzonecluster_04_sector001shcon6_gatezone_macro,39948.3359375,0.0,-200000.0,
cluster_04_sector001_macro,zone001_cluster_04_sector001_macro,43763.25390625,0.0,-153542.640625,
cluster_04_sector001_macro,zone002_cluster_04_sector001_macro,113126.984375,0.0,136241.921875,
cluster_04_sector001_macro,zone003_cluster_04_sector001_macro,-86161.1015625,0.0,-27367.986328125,
cluster_04_sector001_macro,zone004_cluster_04_sector001_macro,457655.34375,0.0,381549.59375,
cluster_04_sector001_macro,zone005_cluster_04_sector001_macro,790515.3125,0.0,956214.1875,
cluster_04_sector001_macro,zone006_cluster_04_sector001_macro,404746.125,0.0,277341.625,
cluster_04_sector001_macro,zone007_cluster_04_sector001_macro,661036.125,0.0,633698.25,
cluster_04_sector001_macro,zone008_cluster_04_sector001_macro,446002.0,0.0,506310.125,
cluster_04_sector001_macro,zone009_cluster_04_sector001_macro,636742.25,0.0,814874.5,
cluster_04_sector001_macro,zone010_cluster_04_sector001_macro,743979.5,0.0,726908.75,
cluster_04_sector001_macro,zone011_cluster_04_sector001_macro,863285.0,0.0,555921.25,
cluster_04_sector001_macro,zone012_cluster_04_sector001_macro,297325.75,0.0,533514.5,
cluster_04_sector001_macro,zone013_cluster_04_sector001_macro,-23423.0,0.0,111898.0,
cluster_04_sector001_macro,zone014_cluster_04_sector001_macro,613748.0,0.0,409677.0,
cluster_04_sector001_macro,zone015_cluster_04_sector001_macro,569047.5,0.0,540347.0,
cluster_04_sector001_macro,zone016_cluster_04_sector001_macro,413067.0,0.0,667920.0,
cluster_04_sector001_macro,zone017_cluster_04_sector001_macro,325770.0,0.0,156231.0,
cluster_04_sector001_macro,zone018_cluster_04_sector001_macro,89093.0,0.0,607.0,
cluster_04_sector001_macro,zone019_cluster_04_sector001_macro,202528.0,0.0,285878.0,
cluster_04_sector001_macro,zone020_cluster_04_sector001_macro,795808.0,0.0,889770.0,
cluster_04_sector002_macro,tzonecluster_04_sector002shcon5_gatezone_macro,-50000.0,0.0,200000.0,
cluster_04_sector002_macro,tzonecluster_04_sector002shcon9_gatezone_macro,-39333.7421875,0.0,200000.0,
cluster_04_sector002_macro,zone001_cluster_04_sector002_macro,-41734.3125,0.0,166070.3125,
cluster_04_sector002_macro,zone002_cluster_04_sector002_macro,107094.7265625,0.0,-97949.21875,
cluster_05_sector001_macro,zone001_cluster_05_sector001_macro,-17177.61328125,0.0,83957.8984375,
cluster_05_sector001_macro,zone002_cluster_05_sector001_macro,70192.2578125,0.0,-1598.5642089844,
cluster_05_sector001_macro,zone003_cluster_05_sector001_macro,52811.34765625,0.0,-95246.0859375,
cluster_05_sector001_macro,zone004_cluster_05_sector001_macro,-118114.5546875,0.0,-103206.5078125,
cluster_06_sector001_macro,tzonecluster_06_sector001shcon11_gatezone_macro,200000.0,0.0,15.5868530273,
cluster_06_sector001_macro,tzonecluster_06_sector001shcon12_gatezone_macro,200000.0,0.0,-9922.0888671875,
cluster_06_sector001_macro,zone001_cluster_06_sector001_macro,26852.755859375,0.0,-105772.03125,
cluster_06_sector001_macro,zone002_cluster_06_sector001_macro,165479.40625,0.0,-6450.6606445312,
cluster_06_sector001_macro,zone003_cluster_06_sector001_macro,-85770.6484375,0.0,93376.3671875,
cluster_06_sector001_macro,zone004_cluster_06_sector001_macro,19492.6484375,0.0,164808.3671875,
cluster_06_sector002_macro,tzonecluster_06_sector002shcon7_gatezone_macro,-200000.0,0.0,113416.5,
cluster_06_sector002_macro,tzonecluster_06_sector002shcon8_gatezone_macro,-200000.0,0.0,103443.359375,
cluster_06_sector002_macro,zone001_cluster_06_sector002_macro,-155000.0,0.0,106263.671875,
cluster_06_sector002_macro,zone002_cluster_06_sector002_macro,-89757.8125,0.0,-93534.1796875,
cluster_06_sector002_macro,zone003_cluster_06_sector002_macro,113093.75,0.0,-85378.90625,
cluster_06_sector002_macro,zone004_cluster_06_sector002_macro,89656.25,0.0,98108.3984375,
cluster_07_sector001_macro,zone001_cluster_07_sector001_macro,8304.947265625,0.0,-124507.3125,
cluster_07_sector001_macro,zone002_cluster_07_sector001_macro,-869.4458007812,0.0,84464.859375,
cluster_07_sector001_macro,zone003_cluster_07_sector001_macro,173159.984375,0.0,6001.0317382812,
cluster_08_sector001_macro,zone001_cluster_08_sector001_macro,-258.1977844238,0.0,78112.703125,
cluster_08_sector001_macro,zone002_cluster_08_sector001_macro,76826.984375,0.0,-3111.8012695312,
cluster_08_sector001_macro,zone003_cluster_08_sector001_macro,26130.646484375,0.0,-142359.53125,
cluster_08_sector001_macro,zone004_cluster_08_sector001_macro,-147944.453125,0.0,-67755.9140625,
cluster_08_sector001_macro,zone005_cluster_08_sector001_macro,-35243.1796875,0.0,-24661.796875,
cluster_08_sector001_macro,zone006_cluster_08_sector001_macro,-73511.1796875,0.0,-164942.796875,
cluster_09_sector001_macro,zone001_cluster_09_sector001_macro,-476.5892028809,0.0,82222.796875,
cluster_09_sector001_macro,zone002_cluster_09_sector001_macro,8893.9130859375,0.0,-111674.546875,
cluster_09_sector001_macro,zone003_cluster_09_sector001_macro,-149183.125,0.0,-4328.8134765625,
cluster_09_sector001_macro,zone004_cluster_09_sector001_macro,152042.625,0.0,131248.265625,
cluster_09_sector001_macro,zone005_cluster_09_sector001_macro,152552.3125,0.0,-91995.1875,
cluster_09_sector001_macro,zone006_cluster_09_sector001_macro,-15415.466796875,0.0,-12223.9833984375,
cluster_100_sector001_macro,zone001_cluster_100_sector001_macro,-114153.03125,0.0,116118.703125,ego_dlc_terran
cluster_100_sector001_macro,zone002_cluster_100_sector001_macro,-21916.24609375,0.0,108944.6796875,ego_dlc_terran
cluster_100_sector001_macro,zone003_cluster_100_sector001_macro,69261.015625,0.0,57018.04296875,ego_dlc_terran
cluster_100_sector001_macro,zone004_cluster_100_sector001_macro,92201.28125,0.0,-35614.76953125,ego_dlc_terran
cluster_100_sector001_macro,zone005_cluster_100_sector001_macro,75408.1328125,0.0,-126087.234375,ego_dlc_terran
cluster_101_sector001_macro,zone001_cluster_101_sector001_macro,-114153.03125,0.0,116118.703125,ego_dlc_terran
cluster_101_sector001_macro,zone002_cluster_101_sector001_macro,3637.3442382812,0.0,120528.09375,ego_dlc_terran
cluster_101_sector001_macro,zone003_cluster_101_sector001_macro,-75256.7734375,0.0,-33358.421875,ego_dlc_terran
cluster_101_sector001_macro,zone004_cluster_101_sector001_macro,106003.796875,0.0,11714.935546875,ego_dlc_terran
cluster_101_sector001_macro,zone005_cluster_101_sector001_macro,75408.1328125,0.0,-126087.234375,ego_dlc_terran
cluster_102_sector001_macro,zone001_cluster_102_sector001_macro,-124678.890625,0.0,-47108.84765625,ego_dlc_terran
cluster_102_sector001_macro,zone002_cluster_102_sector001_macro,-77654.3203125,0.0,125309.953125,ego_dlc_terran
cluster_102_sector001_macro,zone003_cluster_102_sector001_macro,90514.46875,0.0,77155.703125,ego_dlc_terran
cluster_102_sector001_macro,zone004_cluster_102_sector001_macro,-16199.36328125,0.0,-64794.8515625,ego_dlc_terran
cluster_102_sector001_macro,zone005_cluster_102_sector001_macro,76468.1328125,0.0,-96198.4296875,ego_dlc_terran
cluster_104_sector001_macro,tzonecluster_104_sector001shcon10_gatezone_macro,50000.0,0.0,-200000.0,ego_dlc_terran
cluster_104_sector001_macro,tzonecluster_104_sector001shcon6_gatezone_macro,-50000.0,0.0,-200000.0,ego_dlc_terran
cluster_104_sector001_macro,zone001_cluster_104_sector001_macro,-114153.03125,0.0,116118.703125,ego_dlc_terran
cluster_104_sector001_macro,zone002_cluster_104_sector001_macro,-613.1934814453,0.0,115214.9296875,ego_dlc_terran
cluster_104_sector001_macro,zone003_cluster_104_sector001_macro,117080.328125,0.0,114347.96875,ego_dlc_terran
cluster_104_sector001_macro,zone004_cluster_104_sector001_macro,18336.318359375,0.0,-79140.4609375,ego_dlc_terran
cluster_104_sector001_macro,zone005_cluster_104_sector001_macro,-92491.0078125,0.0,-124889.625,ego_dlc_terran
cluster_104_sector002_macro,tzonecluster_104_sector002shcon5_gatezone_macro,-50000.0,0.0,200000.0,ego_dlc_terran
cluster_104_sector002_macro,tzonecluster_104_sector002shcon9_gatezone_macro,50000.0,0.0,200000.0,ego_dlc_terran
cluster_104_sector002_macro,zone001_cluster_104_sector002_macro,-114153.03125,0.0,119656.25,ego_dlc_terran
cluster_104_sector002_macro,zone002_cluster_104_sector002_macro,-613.1934814453,0.0,118718.75,ego_dlc_terran
cluster_104_sector002_macro,zone003_cluster_104_sector002_macro,117080.328125,0.0,117843.75,ego_dlc_terran
cluster_104_sector002_macro,zone004_cluster_104_sector002_macro,18336.318359375,0.0,-75625.0,ego_dlc_terran
cluster_104_sector002_macro,zone005_cluster_104_sector002_macro,-92491.0078125,0.0,-121375.0,ego_dlc_terran
cluster_106_sector001_macro,zone001_cluster_106_sector001_macro,-114153.03125,0.0,116118.703125,ego_dlc_terran
cluster_106_sector001_macro,zone002_cluster_106_sector001_macro,121647.03125,0.0,111465.1015625,ego_dlc_terran
cluster_106_sector001_macro,zone003_cluster_106_sector001_macro,-15650.0546875,0.0,-88057.8984375,ego_dlc_terran
cluster_107_sector001_macro,zone001_cluster_107_sector001_macro,-114153.03125,0.0,116118.703125,ego_dlc_terran
cluster_107_sector001_macro,zone002_cluster_107_sector001_macro,-118565.796875,0.0,4700.7827148438,ego_dlc_terran
cluster_107_sector001_macro,zone003_cluster_107_sector001_macro,114955.0546875,0.0,93626.5625,ego_dlc_terran
cluster_107_sector001_macro,zone004_cluster_107_sector001_macro,77843.9296875,0.0,-134397.53125,ego_dlc_terran
cluster_107_sector001_macro,zone005_cluster_107_sector001_macro,-33514.703125,0.0,-136578.609375,ego_dlc_terran
cluster_108_sector001_macro,tzonecluster_108_sector001shcon10_gatezone_macro,-35487.578125,0.0,-200000.0,ego_dlc_terran
cluster_108_sector001_macro,tzonecluster_108_sector001shcon5_gatezone_macro,-50000.0,0.0,200000.0,ego_dlc_terran
cluster_108_sector001_macro,tzonecluster_108_sector001shcon6_gatezone_macro,-50000.0,0.0,-200000.0,ego_dlc_terran
cluster_108_sector001_macro,tzonecluster_108_sector001shcon9_gatezone_macro,-35156.0,0.0,200000.0,ego_dlc_terran
cluster_108_sector001_macro,zone001_cluster_108_sector001_macro,-114153.03125,0.0,116118.703125,ego_dlc_terran
cluster_108_sector001_macro,zone002_cluster_108_sector001_macro,54030.68359375,0.0,101330.6171875,ego_dlc_terran
cluster_108_sector001_macro,zone003_cluster_108_sector001_macro,-15640.625,0.0,-12908.8056640625,ego_dlc_terran
cluster_108_sector001_macro,zone004_cluster_108_sector001_macro,128262.0234375,0.0,-134751.28125,ego_dlc_terran
cluster_108_sector001_macro,zone005_cluster_108_sector001_macro,-44812.53125,0.0,-136466.296875,ego_dlc_terran
cluster_108_sector002_macro,tzonecluster_108_sector002shcon5_gatezone_macro,35730.46875,0.0,200000.0,ego_dlc_terran
cluster_108_sector002_macro,tzonecluster_108_sector002shcon9_gatezone_macro,50000.0,0.0,200000.0,ego_dlc_terran
cluster_108_sector002_macro,zone001_cluster_108_sector002_macro,-108882.8125,0.0,133000.0,ego_dlc_terran
cluster_108_sector002_macro,zone002_cluster_108_sector002_macro,59304.6875,0.0,118218.75,ego_dlc_terran
cluster_108_sector002_macro,zone003_cluster_108_sector002_macro,-10367.1875,0.0,3968.75,ego_dlc_terran
cluster_108_sector002_macro,zone004_cluster_108_sector002_macro,133539.0625,0.0,-117875.0,ego_dlc_terran
cluster_108_sector002_macro,zone005_cluster_108_sector002_macro,-39539.0625,0.0,-119593.75,ego_dlc_terran
cluster_108_sector003_macro,tzonecluster_108_sector003shcon10_gatezone_macro,8314.0,0.0,-1765.0,ego_dlc_terran
cluster_108_sector003_macro,tzonecluster_108_sector003shcon6_gatezone_macro,-6197.0,0.0,-1765.0,ego_dlc_terran
cluster_108_sector003_macro,zone001_cluster_108_sector003_macro,-108855.8125,-67377.0,133063.0,ego_dlc_terran
cluster_108_sector003_macro,zone002_cluster_108_sector003_macro,59332.6875,-59747.0,118281.75,ego_dlc_terran
cluster_108_sector003_macro,zone003_cluster_108_sector003_macro,-10339.1875,0.0,4031.75,ego_dlc_terran
cluster_108_sector003_macro,zone004_cluster_108_sector003_macro,133566.0625,32401.0,-66875.0,ego_dlc_terran
cluster_108_sector003_macro,zone005_cluster_108_sector003_macro,-81238.0625,59781.0,-119531.75,ego_dlc_terran
cluster_109_sector001_macro,zone001_cluster_109_sector001_macro,82573.1640625,0.0,-92239.5546875,ego_dlc_terran
cluster_109_sector001_macro,zone002_cluster_109_sector001_macro,127966.0625,0.0,123632.28125,ego_dlc_terran
cluster_109_sector001_macro,zone003_cluster_109_sector001_macro,-115810.3515625,0.0,-24860.451171875,ego_dlc_terran
cluster_10_sector001_macro,zone001_cluster_10_sector001_macro,-79242.234375,0.0,5013.5,
cluster_10_sector001_macro,zone002_cluster_10_sector001_macro,90039.9140625,0.0,105351.0703125,
cluster_10_sector001_macro,zone003_cluster_10_sector001_macro,80190.84375,0.0,-99632.9453125,
cluster_10_sector001_macro,zone004_cluster_10_sector001_macro,8767.76171875,0.0,43283.76171875,
cluster_110_sector001_macro,zone001_cluster_110_sector001_macro,-114153.03125,0.0,116118.703125,ego_dlc_terran
cluster_110_sector001_macro,zone002_cluster_110_sector001_macro,-109002.078125,0.0,-85623.265625,ego_dlc_terran
cluster_110_sector001_macro,zone003_cluster_110_sector001_macro,3378.3110351562,0.0,-6792.5375976562,ego_dlc_terran
cluster_110_sector001_macro,zone004_cluster_110_sector001_macro,116630.1484375,0.0,-131209.625,ego_dlc_terran
cluster_110_sector001_macro,zone005_cluster_110_sector001_macro,125349.3515625,0.0,15909.6376953125,ego_dlc_terran
cluster_111_sector001_macro,zone001_cluster_111_sector001_macro,-114153.03125,0.0,116118.703125,ego_dlc_terran
cluster_111_sector001_macro,zone002_cluster_111_sector001_macro,95555.3671875,0.0,78553.984375,ego_dlc_terran
cluster_111_sector001_macro,zone003_cluster_111_sector001_macro,-10435.958984375,0.0,65998.03125,ego_dlc_terran
cluster_111_sector001_macro,zone004_cluster_111_sector001_macro,-129370.0859375,0.0,-126427.765625,ego_dlc_terran
cluster_111_sector001_macro,zone005_cluster_111_sector001_macro,-22357.017578125,0.0,-139766.53125,ego_dlc_terran
cluster_112_sector001_macro,tzonecluster_112_sector001shcon6_gatezone_macro,-50000.0,0.0,-200000.0,ego_dlc_terran
cluster_112_sector001_macro,zone001_cluster_112_sector001_macro,-114153.03125,0.0,119765.625,ego_dlc_terran
cluster_112_sector001_macro,zone002_cluster_112_sector001_macro,127631.0859375,0.0,128764.296875,ego_dlc_terran
cluster_112_sector001_macro,zone003_cluster_112_sector001_macro,39907.90625,0.0,28085.9375,ego_dlc_terran
cluster_112_sector001_macro,zone004_cluster_112_sector001_macro,-71305.390625,0.0,-99017.8203125,ego_dlc_terran
cluster_112_sector001_macro,zone005_cluster_112_sector001_macro,75408.1328125,0.0,-122437.5,ego_dlc_terran
cluster_112_sector002_macro,tzonecluster_112_sector002shcon5_gatezone_macro,-50000.0,0.0,200000.0,ego_dlc_terran
cluster_112_sector002_macro,zone001_cluster_112_sector002_macro,-114153.03125,0.0,119765.625,ego_dlc_terran
cluster_112_sector002_macro,zone002_cluster_112_sector002_macro,-113140.0625,0.0,-50164.0625,ego_dlc_terran
cluster_112_sector002_macro,zone003_cluster_112_sector002_macro,39907.90625,0.0,28085.9375,ego_dlc_terran
cluster_112_sector002_macro,zone004_cluster_112_sector002_macro,126016.421875,0.0,130125.0,ego_dlc_terran
cluster_112_sector002_macro,zone005_cluster_112_sector002_macro,75408.1328125,0.0,-122437.5,ego_dlc_terran
cluster_113_sector001_macro,zone001_cluster_113_sector001_macro,-85828.5546875,0.0,52478.46875,ego_dlc_terran
cluster_113_sector001_macro,zone002_cluster_113_sector001_macro,-113140.0625,0.0,-50164.0625,ego_dlc_terran
cluster_113_sector001_macro,zone003_cluster_113_sector001_macro,125405.6875,0.0,-141350.703125,ego_dlc_terran
cluster_113_sector001_macro,zone004_cluster_113_sector001_macro,142358.359375,0.0,125211.609375,ego_dlc_terran
cluster_113_sector001_macro,zone005_cluster_113_sector001_macro,1565.6280517578,0.0,132593.875,ego_dlc_terran
cluster_114_sector001_macro,zone001_cluster_114_sector001_macro,-25623.83984375,0.0,144203.359375,ego_dlc_terran
cluster_114_sector001_macro,zone002_cluster_114_sector001_macro,-115039.453125,0.0,41591.33984375,ego_dlc_terran
cluster_114_sector001_macro,zone003_cluster_114_sector001_macro,-130885.6484375,0.0,-135881.453125,ego_dlc_terran
cluster_114_sector001_macro,zone004_cluster_114_sector001_macro,128824.4296875,0.0,69666.140625,ego_dlc_terran
cluster_114_sector001_macro,zone005_cluster_114_sector001_macro,131127.3125,0.0,-114179.359375,ego_dlc_terran
cluster_115_sector001_macro,zone001_cluster_115_sector001_macro,-130028.4609375,0.0,145028.8125,ego_dlc_terran
cluster_115_sector001_macro,zone002_cluster_115_sector001_macro,-113140.0625,0.0,-50164.0625,ego_dlc_terran
cluster_115_sector001_macro,zone003_cluster_115_sector001_macro,-29.6058654785,0.0,-100147.09375,ego_dlc_terran
cluster_115_sector001_macro,zone004_cluster_115_sector001_macro,64411.78125,0.0,91019.59375,ego_dlc_terran
cluster_115_sector001_macro,zone005_cluster_115_sector001_macro,121893.0390625,0.0,-70436.6328125,ego_dlc_terran
cluster_115_sector001_macro,zone006_cluster_115_sector001_macro,-29.6,0.0,-274972.6328125,ego_dlc_terran
cluster_116_sector001_macro,zone001_cluster_116_sector001_macro,-114153.03125,0.0,116118.703125,ego_dlc_terran
cluster_116_sector001_macro,zone002_cluster_116_sector001_macro,3637.3442382812,0.0,120528.09375,ego_dlc_terran
cluster_116_sector001_macro,zone003_cluster_116_sector001_macro,-75256.7734375,0.0,-33358.421875,ego_dlc_terran
cluster_116_sector001_macro,zone004_cluster_116_sector001_macro,106003.796875,0.0,11714.935546875,ego_dlc_terran
cluster_116_sector001_macro,zone005_cluster_116_sector001_macro,75408.1328125,0.0,-126087.234375,ego_dlc_terran
cluster_11_sector001_macro,zone001_cluster_11_sector001_macro,1520.3857421875,0.0,82078.53125,
cluster_11_sector001_macro,zone002_cluster_11_sector001_macro,125499.328125,0.0,-116864.453125,
cluster_11_sector001_macro,zone003_cluster_11_sector001_macro,-93626.28125,0.0,-128397.3828125,
cluster_12_sector001_macro,zone001_cluster_12_sector001_macro,-10131.36328125,0.0,-105944.15625,
cluster_12_sector001_macro,zone002_cluster_12_sector001_macro,132588.59375,0.0,36775.80078125,
cluster_12_sector001_macro,zone003_cluster_12_sector001_macro,35972.73828125,0.0,88150.25,
cluster_12_sector001_macro,zone004_cluster_12_sector001_macro,-63095.56640625,0.0,94558.0,
cluster_12_sector001_macro,zone005_cluster_12_sector001_macro,4962.2880859375,0.0,-8094.6123046875,
cluster_13_sector001_macro,zone001_cluster_13_sector001_macro,68694.7109375,0.0,-65740.9765625,
cluster_13_sector001_macro,zone002_cluster_13_sector001_macro,-37251.078125,0.0,-57811.03125,
cluster_13_sector001_macro,zone003_cluster_13_sector001_macro,42731.453125,0.0,49505.98046875,
cluster_14_sector001_macro,zone001_cluster_14_sector001_macro,89982.4921875,0.0,-100098.1640625,
cluster_14_sector001_macro,zone002_cluster_14_sector001_macro,-57062.328125,0.0,61362.80859375,
cluster_14_sector001_macro,zone003_cluster_14_sector001_macro,45571.9921875,0.0,108137.7109375,
cluster_14_sector001_macro,zone004_cluster_14_sector001_macro,50742.0078125,0.0,5897.970703125,
cluster_15_sector001_macro,tzonecluster_15_sector001shcon11_gatezone_macro,200000.0,0.0,50000.0,
cluster_15_sector001_macro,tzonecluster_15_sector001shcon12_gatezone_macro,200000.0,0.0,39976.65625,
cluster_15_sector001_macro,zone001_cluster_15_sector001_macro,163053.65625,0.0,39929.484375,
cluster_15_sector001_macro,zone002_cluster_15_sector001_macro,65059.48046875,0.0,55851.9609375,
cluster_15_sector001_macro,zone003_cluster_15_sector001_macro,61235.6015625,0.0,-144874.0,
cluster_15_sector001_macro,zone004_cluster_15_sector001_macro,-138440.46875,0.0,137906.15625,
cluster_15_sector002_macro,tzonecluster_15_sector002shcon7_gatezone_macro,-200000.0,0.0,50000.0,
cluster_15_sector002_macro,tzonecluster_15_sector002shcon8_gatezone_macro,-200000.0,0.0,39939.9375,
cluster_15_sector002_macro,zone001_cluster_15_sector002_macro,-161156.25,0.0,45971.98046875,
cluster_15_sector002_macro,zone002_cluster_15_sector002_macro,-28531.25,0.0,-112605.7578125,
cluster_15_sector002_macro,zone003_cluster_15_sector002_macro,131484.375,0.0,-122697.0703125,
cluster_16_sector001_macro,zone001_cluster_16_sector001_macro,-120299.9140625,0.0,-120866.46875,
cluster_16_sector001_macro,zone002_cluster_16_sector001_macro,119729.125,0.0,-98881.828125,
cluster_16_sector001_macro,zone003_cluster_16_sector001_macro,108556.609375,0.0,110512.875,
cluster_16_sector001_macro,zone004_cluster_16_sector001_macro,-106474.953125,0.0,99691.0703125,
cluster_17_sector001_macro,zone001_cluster_17_sector001_macro,-414.0701293945,0.0,-133511.671875,
cluster_17_sector001_macro,zone002_cluster_17_sector001_macro,-110506.71875,0.0,-6089.6225585938,
cluster_17_sector001_macro,zone003_cluster_17_sector001_macro,-40169.75,0.0,122351.8046875,
cluster_17_sector001_macro,zone004_cluster_17_sector001_macro,137201.75,0.0,133564.9375,
cluster_18_sector001_macro,zone001_cluster_18_sector001_macro,-106322.9375,0.0,-93529.4140625,
cluster_18_sector001_macro,zone002_cluster_18_sector001_macro,130040.6171875,0.0,34803.94921875,
cluster_18_sector001_macro,zone003_cluster_18_sector001_macro,3129.2189941406,0.0,4814.7314453125,
cluster_18_sector001_macro,zone004_cluster_18_sector001_macro,122406.828125,0.0,-62265.37890625,
cluster_18_sector001_macro,zone005_cluster_18_sector001_macro,2313.9113769531,0.0,-135764.09375,
cluster_18_sector001_macro,zone006_cluster_18_sector001_macro,116546.265625,0.0,-137467.21875,
cluster_19_sector001_macro,tzonecluster_19_sector001shcon11_gatezone_macro,200000.0,0.0,-39934.34765625,
cluster_19_sector001_macro,tzonecluster_19_sector001shcon12_gatezone_macro,200000.0,0.0,-50000.0,
cluster_19_sector001_macro,zone001_cluster_19_sector001_macro,155120.109375,0.0,-46612.625,
cluster_19_sector001_macro,zone002_cluster_19_sector001_macro,83107.421875,0.0,119173.203125,
cluster_19_sector001_macro,zone003_cluster_19_sector001_macro,-118718.8046875,0.0,124939.6640625,
cluster_19_sector002_macro,tzonecluster_19_sector002shcon7_gatezone_macro,-200000.0,0.0,50000.0,
cluster_19_sector002_macro,tzonecluster_19_sector002shcon8_gatezone_macro,-200000.0,0.0,39768.40234375,
cluster_19_sector002_macro,zone001_cluster_19_sector002_macro,-159187.5,0.0,41168.13671875,
cluster_19_sector002_macro,zone002_cluster_19_sector002_macro,50218.75,0.0,95554.0390625,
cluster_19_sector002_macro,zone003_cluster_19_sector002_macro,123625.0,0.0,-72589.0390625,
cluster_20_sector001_macro,zone001_cluster_20_sector001_macro,3879.4365234375,0.0,-155905.984375,
cluster_20_sector001_macro,zone002_cluster_20_sector001_macro,96774.0234375,0.0,-3815.5212402344,
cluster_20_sector001_macro,zone003_cluster_20_sector001_macro,6762.6684570312,0.0,137462.828125,
cluster_20_sector001_macro,zone004_cluster_20_sector001_macro,-114333.0703125,0.0,-91033.28125,
cluster_20_sector001_macro,zone005_cluster_20_sector001_macro,-117216.296875,0.0,45920.2265625,
cluster_21_sector001_macro,tzonecluster_21_sector001shcon5_gatezone_macro,146407.5625,0.0,200000.0,
cluster_21_sector001_macro,tzonecluster_21_sector001shcon9_gatezone_macro,156272.921875,0.0,200000.0,
cluster_21_sector001_macro,zone001_cluster_21_sector001_macro,147351.046875,0.0,165381.5,
cluster_21_sector001_macro,zone002_cluster_21_sector001_macro,-49429.51953125,0.0,34194.46484375,
cluster_21_sector001_macro,zone003_cluster_21_sector001_macro,-44749.19140625,0.0,-151558.171875,
cluster_21_sector002_macro,tzonecluster_21_sector002shcon10_gatezone_macro,50000.0,0.0,-200000.0,
cluster_21_sector002_macro,tzonecluster_21_sector002shcon6_gatezone_macro,40212.1875,0.0,-200000.0,
cluster_21_sector002_macro,zone001_cluster_21_sector002_macro,45833.76953125,0.0,-162117.1875,
cluster_21_sector002_macro,zone002_cluster_21_sector002_macro,-125421.4765625,0.0,134515.625,
cluster_21_sector002_macro,zone003_cluster_21_sector002_macro,130442.015625,0.0,110054.6875,
cluster_22_sector001_macro,zone001_cluster_22_sector001_macro,85.5541229248,0.0,115545.40625,
cluster_22_sector001_macro,zone002_cluster_22_sector001_macro,103750.5,0.0,20340.15234375,
cluster_22_sector001_macro,zone003_cluster_22_sector001_macro,-427.3376464844,0.0,-75385.25,
cluster_22_sector001_macro,zone004_cluster_22_sector001_macro,-127621.703125,0.0,-33782.69921875,
cluster_22_sector001_macro,zone005_cluster_22_sector001_macro,-14468.673828125,0.0,-1060.8215332031,
cluster_23_sector001_macro,zone001_cluster_23_sector001_macro,-114153.03125,0.0,116118.703125,
cluster_23_sector001_macro,zone002_cluster_23_sector001_macro,-21916.24609375,0.0,108944.6796875,
cluster_23_sector001_macro,zone003_cluster_23_sector001_macro,69261.015625,0.0,57018.04296875,
cluster_23_sector001_macro,zone004_cluster_23_sector001_macro,92201.28125,0.0,-35614.76953125,
cluster_23_sector001_macro,zone005_cluster_23_sector001_macro,75408.1328125,0.0,-126087.234375,
cluster_24_sector001_macro,zone001_cluster_24_sector001_macro,125913.8203125,0.0,138760.890625,
cluster_24_sector001_macro,zone002_cluster_24_sector001_macro,-21851.80859375,0.0,53705.55859375,
cluster_24_sector001_macro,zone003_cluster_24_sector001_macro,-109790.375,0.0,-145237.421875,
cluster_24_sector001_macro,zone004_cluster_24_sector001_macro,141050.78125,0.0,-142354.203125,
cluster_24_sector001_macro,zone005_cluster_24_sector001_macro,38320.16015625,0.0,-50058.015625,
cluster_25_sector001_macro,tzonecluster_25_sector001shcon10_gatezone_macro,-45588.63671875,0.0,-200000.0,
cluster_25_sector001_macro,tzonecluster_25_sector001shcon6_gatezone_macro,-55535.78125,0.0,-200000.0,
cluster_25_sector001_macro,zone001_cluster_25_sector001_macro,-49340.9375,0.0,-160303.71875,
cluster_25_sector001_macro,zone002_cluster_25_sector001_macro,-61577.765625,0.0,74915.296875,
cluster_25_sector001_macro,zone003_cluster_25_sector001_macro,116536.0390625,0.0,-18900.376953125,
cluster_25_sector002_macro,tzonecluster_25_sector002shcon5_gatezone_macro,134166.84375,0.0,200000.0,
cluster_25_sector002_macro,tzonecluster_25_sector002shcon9_gatezone_macro,143991.96875,0.0,200000.0,
cluster_25_sector002_macro,zone001_cluster_25_sector002_macro,128551.6796875,0.0,162945.3125,
cluster_25_sector002_macro,zone002_cluster_25_sector002_macro,-37726.08984375,0.0,57273.4375,
cluster_25_sector002_macro,zone003_cluster_25_sector002_macro,-102052.9296875,0.0,-137445.3125,
cluster_25_sector002_macro,zone004_cluster_25_sector002_macro,123855.2734375,0.0,-132164.0625,
cluster_26_sector001_macro,tzonecluster_26_sector001shcon10_gatezone_macro,161340.546875,0.0,-200000.0,
cluster_26_sector001_macro,tzonecluster_26_sector001shcon6_gatezone_macro,151323.765625,0.0,-200000.0,
cluster_26_sector001_macro,zone001_cluster_26_sector001_macro,-75651.140625,0.0,47144.2890625,
cluster_26_sector001_macro,zone002_cluster_26_sector001_macro,-48260.4375,0.0,-111433.453125,
cluster_26_sector001_macro,zone003_cluster_26_sector001_macro,142032.859375,0.0,-157565.171875,
cluster_26_sector001_macro,zone004_cluster_26_sector001_macro,87251.453125,0.0,84626.3046875,
cluster_26_sector002_macro,tzonecluster_26_sector002shcon5_gatezone_macro,-50000.0,0.0,200000.0,
cluster_26_sector002_macro,tzonecluster_26_sector002shcon9_gatezone_macro,-39984.375,0.0,200000.0,
cluster_26_sector002_macro,zone001_cluster_26_sector002_macro,-43128.90625,0.0,157906.25,
cluster_26_sector002_macro,zone002_cluster_26_sector002_macro,126734.375,0.0,62085.9375,
cluster_26_sector002_macro,zone003_cluster_26_sector002_macro,103726.5625,0.0,-117593.75,
cluster_26_sector002_macro,zone004_cluster_26_sector002_macro,-96515.625,0.0,-104859.375,
cluster_27_sector001_macro,zone001_cluster_27_sector001_macro,105999.21875,0.0,-70364.421875,
cluster_27_sector001_macro,zone002_cluster_27_sector001_macro,-15.9301757812,0.0,118220.21875,
cluster_27_sector001_macro,zone003_cluster_27_sector001_macro,-111127.9609375,0.0,-48957.515625,
cluster_27_sector001_macro,zone004_cluster_27_sector001_macro,7336.2504882812,0.0,-180866.078125,
cluster_27_sector001_macro,zone005_cluster_27_sector001_macro,-22186.294921875,0.0,284127.75,
cluster_28_sector001_macro,zone001_cluster_28_sector001_macro,104989.9296875,0.0,134567.75,
cluster_28_sector001_macro,zone002_cluster_28_sector001_macro,-74420.3125,0.0,39765.7421875,
cluster_28_sector001_macro,zone003_cluster_28_sector001_macro,-101943.4765625,0.0,-122315.109375,
cluster_28_sector001_macro,zone004_cluster_28_sector001_macro,33633.58984375,0.0,-112121.34375,
cluster_28_sector001_macro,zone005_cluster_28_sector001_macro,102951.203125,0.0,18358.841796875,
cluster_29_sector001_macro,tzonecluster_29_sector001shcon11_gatezone_macro,200000.0,0.0,168237.359375,
cluster_29_sector001_macro,tzonecluster_29_sector001shcon12_gatezone_macro,200000.0,0.0,158286.40625,
cluster_29_sector001_macro,zone001_cluster_29_sector001_macro,2506.1494140625,0.0,25444.236328125,
cluster_29_sector001_macro,zone002_cluster_29_sector001_macro,174058.4375,0.0,160956.125,
cluster_29_sector001_macro,zone003_cluster_29_sector001_macro,-95523.7265625,0.0,-115834.1171875,
cluster_29_sector001_macro,zone004_cluster_29_sector001_macro,120718.640625,0.0,-134575.140625,
cluster_29_sector001_macro,zone005_cluster_29_sector001_macro,71458.6171875,0.0,122953.5546875,
cluster_29_sector001_macro,zone006_cluster_29_sector001_macro,-60428.28515625,0.0,-42453.796875,
cluster_29_sector002_macro,tzonecluster_29_sector002shcon7_gatezone_macro,-200000.0,0.0,-40050.78125,
cluster_29_sector002_macro,tzonecluster_29_sector002shcon8_gatezone_macro,-200000.0,0.0,-50000.0,
cluster_29_sector002_macro,zone001_cluster_29_sector002_macro,-156171.875,0.0,-47625.0,
cluster_29_sector002_macro,zone002_cluster_29_sector002_macro,95609.375,0.0,-43546.875,
cluster_29_sector002_macro,zone003_cluster_29_sector002_macro,119062.5,0.0,125664.0625,
cluster_30_sector001_macro,zone001_cluster_30_sector001_macro,114342.0859375,0.0,-101699.796875,
cluster_30_sector001_macro,zone002_cluster_30_sector001_macro,35850.09765625,0.0,110330.5078125,
cluster_30_sector001_macro,zone003_cluster_30_sector001_macro,-108391.671875,0.0,-10975.2919921875,
cluster_31_sector001_macro,zone001_cluster_31_sector001_macro,144448.796875,0.0,-6973.064453125,
cluster_31_sector001_macro,zone002_cluster_31_sector001_macro,3170.4387207031,0.0,-3369.0224609375,
cluster_31_sector001_macro,zone003_cluster_31_sector001_macro,-140270.34375,0.0,-5531.4482421875,
cluster_31_sector001_macro,zone004_cluster_31_sector001_macro,-115042.0625,0.0,-148972.234375,
cluster_31_sector001_macro,zone005_cluster_31_sector001_macro,-89136.8515625,0.0,144269.984375,
cluster_32_sector001_macro,tzonecluster_32_sector001shcon5_gatezone_macro,-140511.421875,0.0,200000.0,
cluster_32_sector001_macro,tzonecluster_32_sector001shcon9_gatezone_macro,-130500.8828125,0.0,200000.0,
cluster_32_sector001_macro,zone001_cluster_32_sector001_macro,-81493.578125,0.0,-93935.6484375,
cluster_32_sector001_macro,zone002_cluster_32_sector001_macro,-118797.7578125,0.0,157867.515625,
cluster_32_sector001_macro,zone003_cluster_32_sector001_macro,106359.5625,0.0,47287.2890625,
cluster_32_sector001_macro,zone004_cluster_32_sector001_macro,90705.4140625,0.0,-97931.7890625,
cluster_32_sector002_macro,tzonecluster_32_sector002shcon10_gatezone_macro,50000.0,0.0,-200000.0,
cluster_32_sector002_macro,tzonecluster_32_sector002shcon6_gatezone_macro,40115.28125,0.0,-200000.0,
cluster_32_sector002_macro,zone001_cluster_32_sector002_macro,57678.23828125,0.0,-168226.5625,
cluster_32_sector002_macro,zone002_cluster_32_sector002_macro,69668.671875,0.0,28960.9375,
cluster_32_sector002_macro,zone003_cluster_32_sector002_macro,-109520.6015625,0.0,121476.5625,
cluster_32_sector002_macro,zone004_cluster_32_sector002_macro,-14265.640625,0.0,84906.25,
cluster_33_sector001_macro,zone001_cluster_33_sector001_macro,111384.9765625,0.0,-132798.53125,
cluster_33_sector001_macro,zone002_cluster_33_sector001_macro,56338.65234375,0.0,57824.859375,
cluster_33_sector001_macro,zone003_cluster_33_sector001_macro,-91470.921875,0.0,-13531.4921875,
cluster_33_sector001_macro,zone004_cluster_33_sector001_macro,-110839.078125,0.0,125103.6953125,
cluster_34_sector001_macro,zone001_cluster_34_sector001_macro,-51480.67578125,0.0,-9413.3203125,
cluster_34_sector001_macro,zone002_cluster_34_sector001_macro,51396.7265625,0.0,-48322.984375,
cluster_34_sector001_macro,zone003_cluster_34_sector001_macro,-149183.125,0.0,-4328.8134765625,
cluster_34_sector001_macro,zone004_cluster_34_sector001_macro,51542.984375,0.0,53540.9609375,
cluster_34_sector001_macro,zone005_cluster_34_sector001_macro,152552.3125,0.0,-91995.1875,
cluster_35_sector001_macro,zone001_cluster_35_sector001_macro,-114153.03125,0.0,52087.9375,
cluster_35_sector001_macro,zone002_cluster_35_sector001_macro,-21916.24609375,0.0,108944.6796875,
cluster_35_sector001_macro,zone003_cluster_35_sector001_macro,69261.015625,0.0,57018.04296875,
cluster_35_sector001_macro,zone004_cluster_35_sector001_macro,92201.28125,0.0,-35614.76953125,
cluster_35_sector001_macro,zone005_cluster_35_sector001_macro,75408.1328125,0.0,-126087.234375,
cluster_36_sector001_macro,zone001_cluster_36_sector001_macro,-114153.03125,0.0,116118.703125,
cluster_36_sector001_macro,zone002_cluster_36_sector001_macro,-21916.24609375,0.0,108944.6796875,
cluster_36_sector001_macro,zone003_cluster_36_sector001_macro,69261.015625,0.0,57018.04296875,
cluster_36_sector001_macro,zone004_cluster_36_sector001_macro,92201.28125,0.0,-35614.76953125,
cluster_36_sector001_macro,zone005_cluster_36_sector001_macro,75408.1328125,0.0,-126087.234375,
cluster_37_sector001_macro,zone001_cluster_37_sector001_macro,85.5541229248,0.0,115545.40625,
cluster_37_sector001_macro,zone002_cluster_37_sector001_macro,103750.5,0.0,20340.15234375,
cluster_37_sector001_macro,zone003_cluster_37_sector001_macro,-427.3376464844,0.0,-75385.25,
cluster_37_sector001_macro,zone004_cluster_37_sector001_macro,-127621.703125,0.0,-33782.69921875,
cluster_37_sector001_macro,zone005_cluster_37_sector001_macro,-14468.673828125,0.0,-1060.8215332031,
cluster_38_sector001_macro,zone001_cluster_38_sector001_macro,85.5541229248,0.0,115545.40625,
cluster_38_sector001_macro,zone002_cluster_38_sector001_macro,103750.5,0.0,20340.15234375,
cluster_38_sector001_macro,zone003_cluster_38_sector001_macro,84893.9296875,0.0,-111858.6796875,
cluster_38_sector001_macro,zone004_cluster_38_sector001_macro,-97508.7421875,0.0,-71169.2109375,
cluster_38_sector001_macro,zone005_cluster_38_sector001_macro,-71468.3984375,0.0,53358.09375,
cluster_39_sector001_macro,zone001_cluster_39_sector001_macro,-66377.890625,0.0,115442.5234375,
cluster_39_sector001_macro,zone002_cluster_39_sector001_macro,106787.1953125,0.0,86813.5234375,
cluster_39_sector001_macro,zone003_cluster_39_sector001_macro,86380.078125,0.0,-106069.9140625,
cluster_39_sector001_macro,zone004_cluster_39_sector001_macro,-127621.703125,0.0,-33782.69921875,
cluster_39_sector001_macro,zone005_cluster_39_sector001_macro,-14468.673828125,0.0,-1060.8215332031,
cluster_400_sector001_macro,zone001_cluster_400_sector001_macro,-114153.03125,0.0,-46897.58984375,ego_dlc_split
cluster_400_sector001_macro,zone002_cluster_400_sector001_macro,-21916.24609375,0.0,108944.6796875,ego_dlc_split
cluster_400_sector001_macro,zone003_cluster_400_sector001_macro,69261.015625,0.0,57018.04296875,ego_dlc_split
cluster_400_sector001_macro,zone004_cluster_400_sector001_macro,92201.28125,0.0,-35614.76953125,ego_dlc_split
cluster_400_sector001_macro,zone005_cluster_400_sector001_macro,75408.1328125,0.0,-126087.234375,ego_dlc_split
cluster_401_sector001_macro,zone001_cluster_401_sector001_macro,-125584.2421875,0.0,20137.51953125,ego_dlc_split
cluster_401_sector001_macro,zone002_cluster_401_sector001_macro,-21916.24609375,0.0,108944.6796875,ego_dlc_split
cluster_401_sector001_macro,zone003_cluster_401_sector001_macro,112515.4140625,0.0,57018.04296875,ego_dlc_split
cluster_401_sector001_macro,zone004_cluster_401_sector001_macro,92201.28125,0.0,-35614.76953125,ego_dlc_split
cluster_401_sector001_macro,zone005_cluster_401_sector001_macro,75408.1328125,0.0,-126087.234375,ego_dlc_split
cluster_402_sector001_macro,zone001_cluster_402_sector001_macro,-114153.03125,0.0,116118.703125,ego_dlc_split
cluster_402_sector001_macro,zone002_cluster_402_sector001_macro,-21916.24609375,0.0,108944.6796875,ego_dlc_split
cluster_402_sector001_macro,zone003_cluster_402_sector001_macro,69261.015625,0.0,57018.04296875,ego_dlc_split
cluster_402_sector001_macro,zone004_cluster_402_sector001_macro,92201.28125,0.0,-35614.76953125,ego_dlc_split
cluster_402_sector001_macro,zone005_cluster_402_sector001_macro,75408.1328125,0.0,-126087.234375,ego_dlc_split
cluster_403_sector001_macro,zone001_cluster_403_sector001_macro,-114153.03125,0.0,116118.703125,ego_dlc_split
cluster_403_sector001_macro,zone002_cluster_403_sector001_macro,-114870.9765625,0.0,7212.39453125,ego_dlc_split
cluster_403_sector001_macro,zone003_cluster_403_sector001_macro,136998.828125,0.0,93736.3359375,ego_dlc_split
cluster_403_sector001_macro,zone004_cluster_403_sector001_macro,92201.28125,0.0,-35614.76953125,ego_dlc_split
cluster_403_sector001_macro,zone005_cluster_403_sector001_macro,75408.1328125,0.0,-126087.234375,ego_dlc_split
cluster_404_sector001_macro,zone001_cluster_404_sector001_macro,-114153.03125,0.0,116118.703125,ego_dlc_split
cluster_404_sector001_macro,zone002_cluster_404_sector001_macro,-21916.24609375,0.0,108944.6796875,ego_dlc_split
cluster_404_sector001_macro,zone003_cluster_404_sector001_macro,113604.53125,0.0,90601.6171875,ego_dlc_split
cluster_404_sector001_macro,zone004_cluster_404_sector001_macro,-25038.298828125,0.0,-14674.4501953125,ego_dlc_split
cluster_404_sector001_macro,zone005_cluster_404_sector001_macro,26475.546875,0.0,-123399.0,ego_dlc_split
cluster_405_sector001_macro,zone001_cluster_405_sector001_macro,-114153.03125,0.0,116118.703125,ego_dlc_split
cluster_405_sector001_macro,zone002_cluster_405_sector001_macro,-21916.24609375,0.0,108944.6796875,ego_dlc_split
cluster_405_sector001_macro,zone003_cluster_405_sector001_macro,69261.015625,0.0,57018.04296875,ego_dlc_split
cluster_405_sector001_macro,zone004_cluster_405_sector001_macro,92201.28125,0.0,-35614.76953125,ego_dlc_split
cluster_405_sector001_macro,zone005_cluster_405_sector001_macro,75408.1328125,0.0,-126087.234375,ego_dlc_split
cluster_406_sector001_macro,zone001_cluster_406_sector001_macro,-114153.03125,0.0,116118.703125,ego_dlc_split
cluster_406_sector001_macro,zone002_cluster_406_sector001_macro,-122276.546875,0.0,-96570.9765625,ego_dlc_split
cluster_406_sector001_macro,zone003_cluster_406_sector001_macro,93217.0078125,0.0,108440.6953125,ego_dlc_split
cluster_406_sector001_macro,zone004_cluster_406_sector001_macro,92201.28125,0.0,-35614.76953125,ego_dlc_split
cluster_406_sector001_macro,zone005_cluster_406_sector001_macro,75408.1328125,0.0,-126087.234375,ego_dlc_split
cluster_407_sector001_macro,zone001_cluster_407_sector001_macro,-8041.4887695313,0.0,-4286.6743164063,ego_dlc_split
cluster_407_sector001_macro,zone002_cluster_407_sector001_macro,-21916.24609375,0.0,108944.6796875,ego_dlc_split
cluster_407_sector001_macro,zone003_cluster_407_sector001_macro,112585.15625,0.0,75820.65625,ego_dlc_split
cluster_407_sector001_macro,zone004_cluster_407_sector001_macro,-125446.8671875,0.0,-86447.296875,ego_dlc_split
cluster_407_sector001_macro,zone005_cluster_407_sector001_macro,75408.1328125,0.0,-126087.234375,ego_dlc_split
cluster_408_sector001_macro,tzonecluster_408_sector001shcon7_gatezone_macro,-200000.0,0.0,50000.0,ego_dlc_split
cluster_408_sector001_macro,tzonecluster_408_sector001shcon8_gatezone_macro,-200000.0,0.0,39950.75390625,ego_dlc_split
cluster_408_sector001_macro,zone001_cluster_408_sector001_macro,-97236.90625,0.0,73185.921875,ego_dlc_split
cluster_408_sector001_macro,zone002_cluster_408_sector001_macro,13300.4970703125,0.0,131769.3125,ego_dlc_split
cluster_408_sector001_macro,zone003_cluster_408_sector001_macro,108507.6484375,0.0,41671.55078125,ego_dlc_split
cluster_408_sector001_macro,zone004_cluster_408_sector001_macro,-59697.09765625,0.0,-53410.734375,ego_dlc_split
cluster_408_sector001_macro,zone005_cluster_408_sector001_macro,75408.1328125,0.0,-126087.234375,ego_dlc_split
cluster_408_sector002_macro,tzonecluster_408_sector002shcon11_gatezone_macro,200000.0,0.0,-40119.140625,ego_dlc_split
cluster_408_sector002_macro,tzonecluster_408_sector002shcon12_gatezone_macro,200000.0,0.0,-50000.0,ego_dlc_split
cluster_408_sector002_macro,zone001_cluster_408_sector002_macro,-174195.3125,0.0,73255.859375,ego_dlc_split
cluster_408_sector002_macro,zone002_cluster_408_sector002_macro,-139128.90625,0.0,-62759.765625,ego_dlc_split
cluster_408_sector002_macro,zone003_cluster_408_sector002_macro,-56242.1875,0.0,25439.453125,ego_dlc_split
cluster_408_sector002_macro,zone004_cluster_408_sector002_macro,154160.15625,0.0,-42572.265625,ego_dlc_split
cluster_408_sector002_macro,zone005_cluster_408_sector002_macro,60644.53125,0.0,63693.359375,ego_dlc_split
cluster_409_sector001_macro,zone001_cluster_409_sector001_macro,-114153.03125,0.0,116118.703125,ego_dlc_split
cluster_409_sector001_macro,zone002_cluster_409_sector001_macro,-16771.107421875,0.0,-16040.2607421875,ego_dlc_split
cluster_409_sector001_macro,zone003_cluster_409_sector001_macro,98313.890625,0.0,118124.78125,ego_dlc_split
cluster_409_sector001_macro,zone004_cluster_409_sector001_macro,125829.3984375,0.0,-9577.5703125,ego_dlc_split
cluster_409_sector001_macro,zone005_cluster_409_sector001_macro,-137134.34375,0.0,-135121.828125,ego_dlc_split
cluster_409_sector001_macro,zone006_cluster_409_sector001_macro,104070.5859375,0.0,-134265.6875,ego_dlc_split
cluster_40_sector001_macro,zone001_cluster_40_sector001_macro,96741.390625,0.0,115545.40625,
cluster_40_sector001_macro,zone002_cluster_40_sector001_macro,103750.5,0.0,20340.15234375,
cluster_40_sector001_macro,zone003_cluster_40_sector001_macro,96228.7890625,0.0,-128845.0625,
cluster_40_sector001_macro,zone004_cluster_40_sector001_macro,-97990.734375,0.0,-74974.2109375,
cluster_40_sector001_macro,zone005_cluster_40_sector001_macro,-121550.1171875,0.0,114678.0078125,
cluster_410_sector001_macro,zone001_cluster_410_sector001_macro,-114153.03125,0.0,116118.703125,ego_dlc_split
cluster_410_sector001_macro,zone002_cluster_410_sector001_macro,-21916.24609375,0.0,108944.6796875,ego_dlc_split
cluster_410_sector001_macro,zone003_cluster_410_sector001_macro,-113206.6640625,0.0,-122957.7265625,ego_dlc_split
cluster_410_sector001_macro,zone004_cluster_410_sector001_macro,20323.951171875,0.0,-12126.0107421875,ego_dlc_split
cluster_410_sector001_macro,zone005_cluster_410_sector001_macro,75408.1328125,0.0,-126087.234375,ego_dlc_split
cluster_410_sector001_macro,zone006_cluster_410_sector001_macro,125855.59375,0.0,66384.0,ego_dlc_split
cluster_411_sector001_macro,zone001_cluster_411_sector001_macro,-114153.03125,0.0,116118.703125,ego_dlc_split
cluster_411_sector001_macro,zone002_cluster_411_sector001_macro,2087.3527832031,0.0,81310.1796875,ego_dlc_split
cluster_411_sector001_macro,zone003_cluster_411_sector001_macro,115133.6015625,0.0,131376.65625,ego_dlc_split
cluster_411_sector001_macro,zone004_cluster_411_sector001_macro,92201.28125,0.0,-35614.76953125,ego_dlc_split
cluster_411_sector001_macro,zone005_cluster_411_sector001_macro,-28.2363891602,0.0,-125437.75,ego_dlc_split
cluster_412_sector001_macro,zone001_cluster_412_sector001_macro,-114153.03125,0.0,116118.703125,ego_dlc_split
cluster_412_sector001_macro,zone002_cluster_412_sector001_macro,-118708.7421875,0.0,-122055.3828125,ego_dlc_split
cluster_412_sector001_macro,zone003_cluster_412_sector001_macro,16763.81640625,0.0,101305.0703125,ego_dlc_split
cluster_412_sector001_macro,zone004_cluster_412_sector001_macro,92201.28125,0.0,-35614.76953125,ego_dlc_split
cluster_412_sector001_macro,zone005_cluster_412_sector001_macro,130451.9375,0.0,122780.3671875,ego_dlc_split
cluster_413_sector001_macro,zone001_cluster_413_sector001_macro,-124250.3828125,0.0,-60352.37890625,ego_dlc_split
cluster_413_sector001_macro,zone002_cluster_413_sector001_macro,34197.70703125,0.0,79271.4296875,ego_dlc_split
cluster_413_sector001_macro,zone003_cluster_413_sector001_macro,142147.0625,0.0,139021.984375,ego_dlc_split
cluster_413_sector001_macro,zone004_cluster_413_sector001_macro,1465.4846191406,0.0,-36591.02734375,ego_dlc_split
cluster_413_sector001_macro,zone005_cluster_413_sector001_macro,160013.84375,0.0,-137160.578125,ego_dlc_split
cluster_414_sector001_macro,zone001_cluster_414_sector001_macro,-114153.03125,0.0,116118.703125,ego_dlc_split
cluster_414_sector001_macro,zone002_cluster_414_sector001_macro,-111063.4140625,0.0,1798.828125,ego_dlc_split
cluster_414_sector001_macro,zone003_cluster_414_sector001_macro,127875.8046875,0.0,121692.59375,ego_dlc_split
cluster_414_sector001_macro,zone004_cluster_414_sector001_macro,107990.3125,0.0,-100811.7265625,ego_dlc_split
cluster_414_sector001_macro,zone005_cluster_414_sector001_macro,-16847.9453125,0.0,-131554.015625,ego_dlc_split
cluster_415_sector001_macro,zone001_cluster_415_sector001_macro,-114153.03125,0.0,116118.703125,ego_dlc_split
cluster_415_sector001_macro,zone002_cluster_415_sector001_macro,-103927.78125,0.0,-93512.84375,ego_dlc_split
cluster_415_sector001_macro,zone003_cluster_415_sector001_macro,12176.6240234375,0.0,34026.23046875,ego_dlc_split
cluster_415_sector001_macro,zone004_cluster_415_sector001_macro,145197.546875,0.0,-22829.4609375,ego_dlc_split
cluster_415_sector001_macro,zone005_cluster_415_sector001_macro,75408.1328125,0.0,-126087.234375,ego_dlc_split
cluster_416_sector001_macro,tzonecluster_416_sector001shcon5_gatezone_macro,-50000.0,0.0,200000.0,ego_dlc_split
cluster_416_sector001_macro,tzonecluster_416_sector001shcon9_gatezone_macro,-42317.375,0.0,200000.0,ego_dlc_split
cluster_416_sector001_macro,zone001_cluster_416_sector001_macro,-131895.703125,0.0,62482.46875,ego_dlc_split
cluster_416_sector001_macro,zone002_cluster_416_sector001_macro,-21916.24609375,0.0,108944.6796875,ego_dlc_split
cluster_416_sector001_macro,zone003_cluster_416_sector001_macro,-108109.7890625,0.0,-70969.53125,ego_dlc_split
cluster_416_sector001_macro,zone004_cluster_416_sector001_macro,96267.484375,0.0,-912.8723144531,ego_dlc_split
cluster_416_sector001_macro,zone005_cluster_416_sector001_macro,75408.1328125,0.0,-126087.234375,ego_dlc_split
cluster_416_sector001_macro,zone006_cluster_416_sector001_macro,137835.0,0.0,138364.3125,ego_dlc_split
cluster_416_sector002_macro,tzonecluster_416_sector002shcon10_gatezone_macro,50000.0,0.0,-200000.0,ego_dlc_split
cluster_416_sector002_macro,tzonecluster_416_sector002shcon6_gatezone_macro,35394.53125,0.0,-200000.0,ego_dlc_split
cluster_416_sector002_macro,zone001_cluster_416_sector002_macro,16015.625,0.0,18140.625,ego_dlc_split
cluster_416_sector002_macro,zone002_cluster_416_sector002_macro,-94498.046875,0.0,-59429.6875,ego_dlc_split
cluster_416_sector002_macro,zone003_cluster_416_sector002_macro,93589.84375,0.0,-27550.78125,ego_dlc_split
cluster_416_sector002_macro,zone004_cluster_416_sector002_macro,-103000.0,0.0,92527.34375,ego_dlc_split
cluster_416_sector002_macro,zone005_cluster_416_sector002_macro,-11613.28125,0.0,110593.75,ego_dlc_split
cluster_416_sector002_macro,zone006_cluster_416_sector002_macro,44707.03125,0.0,-150816.40625,ego_dlc_split
cluster_417_sector001_macro,zone001_cluster_417_sector001_macro,-114153.03125,0.0,116118.703125,ego_dlc_split
cluster_417_sector001_macro,zone002_cluster_417_sector001_macro,-94243.7109375,0.0,-2278.6789550781,ego_dlc_split
cluster_417_sector001_macro,zone003_cluster_417_sector001_macro,110546.3984375,0.0,98756.625,ego_dlc_split
cluster_417_sector001_macro,zone004_cluster_417_sector001_macro,54982.7421875,0.0,-15693.828125,ego_dlc_split
cluster_417_sector001_macro,zone005_cluster_417_sector001_macro,75408.1328125,0.0,-126087.234375,ego_dlc_split
cluster_418_sector001_macro,zone001_cluster_418_sector001_macro,-130629.8984375,0.0,47528.22265625,ego_dlc_split
cluster_418_sector001_macro,zone002_cluster_418_sector001_macro,7690.43359375,0.0,136950.15625,ego_dlc_split
cluster_418_sector001_macro,zone003_cluster_418_sector001_macro,144230.953125,0.0,100215.9453125,ego_dlc_split
cluster_418_sector001_macro,zone004_cluster_418_sector001_macro,126073.234375,0.0,-92468.7734375,ego_dlc_split
cluster_418_sector001_macro,zone005_cluster_418_sector001_macro,11258.96484375,0.0,-13496.154296875,ego_dlc_split
cluster_418_sector001_macro,zone006_cluster_418_sector001_macro,-106917.28125,0.0,-117267.7109375,ego_dlc_split
cluster_419_sector001_macro,zone001_cluster_419_sector001_macro,-132792.328125,0.0,84289.421875,ego_dlc_split
cluster_419_sector001_macro,zone002_cluster_419_sector001_macro,-21916.24609375,0.0,108944.6796875,ego_dlc_split
cluster_419_sector001_macro,zone003_cluster_419_sector001_macro,113957.03125,0.0,56967.4609375,ego_dlc_split
cluster_419_sector001_macro,zone004_cluster_419_sector001_macro,113819.5,0.0,-49261.69140625,ego_dlc_split
cluster_419_sector001_macro,zone005_cluster_419_sector001_macro,-59380.2109375,0.0,-99993.078125,ego_dlc_split
cluster_41_sector001_macro,zone001_cluster_41_sector001_macro,-111312.640625,0.0,119135.7890625,
cluster_41_sector001_macro,zone002_cluster_41_sector001_macro,113558.1875,0.0,102817.671875,
cluster_41_sector001_macro,zone003_cluster_41_sector001_macro,112827.6015625,0.0,-48706.0078125,
cluster_41_sector001_macro,zone004_cluster_41_sector001_macro,-68982.078125,0.0,-112405.6953125,
cluster_41_sector001_macro,zone005_cluster_41_sector001_macro,-14468.673828125,0.0,-1060.8215332031,
cluster_420_sector001_macro,zone001_cluster_420_sector001_macro,-114153.03125,0.0,116118.703125,ego_dlc_split
cluster_420_sector001_macro,zone002_cluster_420_sector001_macro,100674.6953125,0.0,126138.03125,ego_dlc_split
cluster_420_sector001_macro,zone003_cluster_420_sector001_macro,5835.8842773438,0.0,39668.0703125,ego_dlc_split
cluster_420_sector001_macro,zone004_cluster_420_sector001_macro,92201.28125,0.0,-35614.76953125,ego_dlc_split
cluster_420_sector001_macro,zone005_cluster_420_sector001_macro,-86050.0859375,0.0,-129546.203125,ego_dlc_split
cluster_421_sector001_macro,zone001_cluster_421_sector001_macro,-114153.03125,0.0,116118.703125,ego_dlc_split
cluster_421_sector001_macro,zone002_cluster_421_sector001_macro,-118450.9609375,0.0,-31718.89453125,ego_dlc_split
cluster_421_sector001_macro,zone003_cluster_421_sector001_macro,116840.265625,0.0,132652.296875,ego_dlc_split
cluster_421_sector001_macro,zone004_cluster_421_sector001_macro,124631.625,0.0,-26916.669921875,ego_dlc_split
cluster_421_sector001_macro,zone005_cluster_421_sector001_macro,16304.626953125,0.0,-127383.78125,ego_dlc_split
cluster_421_sector001_macro,zone006_cluster_421_sector001_macro,4954.5439453125,0.0,25020.609375,ego_dlc_split
cluster_422_sector001_macro,zone001_cluster_422_sector001_macro,-131350.703125,0.0,33832.86328125,ego_dlc_split
cluster_422_sector001_macro,zone002_cluster_422_sector001_macro,3365.5854492188,0.0,59102.8984375,ego_dlc_split
cluster_422_sector001_macro,zone003_cluster_422_sector001_macro,131256.40625,0.0,109510.5078125,ego_dlc_split
cluster_422_sector001_macro,zone004_cluster_422_sector001_macro,-90169.140625,0.0,-98276.6328125,ego_dlc_split
cluster_422_sector001_macro,zone005_cluster_422_sector001_macro,128029.84375,0.0,-126662.9765625,ego_dlc_split
cluster_423_sector001_macro,tzonecluster_423_sector001shcon11_gatezone_macro,200000.0,0.0,50000.0,ego_dlc_split
cluster_423_sector001_macro,tzonecluster_423_sector001shcon12_gatezone_macro,200000.0,0.0,39626.3046875,ego_dlc_split
cluster_423_sector001_macro,zone001_cluster_423_sector001_macro,-114153.03125,0.0,116118.703125,ego_dlc_split
cluster_423_sector001_macro,zone002_cluster_423_sector001_macro,-110522.0625,0.0,-27394.05078125,ego_dlc_split
cluster_423_sector001_macro,zone003_cluster_423_sector001_macro,23135.2734375,0.0,51201.0,ego_dlc_split
cluster_423_sector001_macro,zone004_cluster_423_sector001_macro,134722.9375,0.0,-34124.75,ego_dlc_split
cluster_423_sector001_macro,zone005_cluster_423_sector001_macro,6213.3100585938,0.0,-124500.546875,ego_dlc_split
cluster_423_sector002_macro,tzonecluster_423_sector002shcon10_gatezone_macro,-39867.1875,0.0,-200000.0,ego_dlc_split
cluster_423_sector002_macro,tzonecluster_423_sector002shcon6_gatezone_macro,-50000.0,0.0,-200000.0,ego_dlc_split
cluster_423_sector002_macro,zone001_cluster_423_sector002_macro,-105140.625,0.0,-35406.25,ego_dlc_split
cluster_423_sector002_macro,zone002_cluster_423_sector002_macro,129593.75,0.0,-68828.125,ego_dlc_split
cluster_423_sector002_macro,zone003_cluster_423_sector002_macro,-34781.25,0.0,-155890.625,ego_dlc_split
cluster_423_sector002_macro,zone004_cluster_423_sector002_macro,-112796.875,0.0,112953.125,ego_dlc_split
cluster_423_sector002_macro,zone005_cluster_423_sector002_macro,-29218.75,0.0,135937.5,ego_dlc_split
cluster_424_sector001_macro,tzonecluster_424_sector001shcon11_gatezone_macro,200000.0,0.0,50000.0,ego_dlc_split
cluster_424_sector001_macro,tzonecluster_424_sector001shcon12_gatezone_macro,200000.0,0.0,39890.54296875,ego_dlc_split
cluster_424_sector001_macro,zone001_cluster_424_sector001_macro,-133513.140625,0.0,78522.953125,ego_dlc_split
cluster_424_sector001_macro,zone002_cluster_424_sector001_macro,-959.2628173828,0.0,129742.078125,ego_dlc_split
cluster_424_sector001_macro,zone003_cluster_424_sector001_macro,29622.54296875,0.0,9394.142578125,ego_dlc_split
cluster_424_sector001_macro,zone004_cluster_424_sector001_macro,-32504.509765625,0.0,-105484.7109375,ego_dlc_split
cluster_424_sector001_macro,zone005_cluster_424_sector001_macro,75408.1328125,0.0,-126087.234375,ego_dlc_split
cluster_424_sector002_macro,tzonecluster_424_sector002shcon7_gatezone_macro,-200000.0,0.0,-39899.4140625,ego_dlc_split
cluster_424_sector002_macro,tzonecluster_424_sector002shcon8_gatezone_macro,-200000.0,0.0,-50000.0,ego_dlc_split
cluster_424_sector002_macro,zone001_cluster_424_sector002_macro,32875.0,0.0,78533.6875,ego_dlc_split
cluster_424_sector002_macro,zone002_cluster_424_sector002_macro,33562.5,0.0,-116887.203125,ego_dlc_split
cluster_424_sector002_macro,zone003_cluster_424_sector002_macro,-155312.5,0.0,-48978.02734375,ego_dlc_split
cluster_424_sector002_macro,zone004_cluster_424_sector002_macro,-128312.5,0.0,129885.25,ego_dlc_split
cluster_424_sector002_macro,zone005_cluster_424_sector002_macro,129125.0,0.0,120612.796875,ego_dlc_split
cluster_425_sector001_macro,zone001_cluster_425_sector001_macro,-114153.03125,0.0,116118.703125,ego_dlc_split
cluster_425_sector001_macro,zone002_cluster_425_sector001_macro,668.9185791016,0.0,-15144.36328125,ego_dlc_split
cluster_425_sector001_macro,zone003_cluster_425_sector001_macro,-19410.224609375,0.0,-108342.3359375,ego_dlc_split
cluster_425_sector001_macro,zone004_cluster_425_sector001_macro,92201.28125,0.0,-35614.76953125,ego_dlc_split
cluster_425_sector001_macro,zone005_cluster_425_sector001_macro,75408.1328125,0.0,-126087.234375,ego_dlc_split
cluster_42_sector001_macro,tzonecluster_42_sector001shcon11_gatezone_macro,200000.0,0.0,-39934.34765625,
cluster_42_sector001_macro,tzonecluster_42_sector001shcon12_gatezone_macro,200000.0,0.0,-50000.0,
cluster_42_sector001_macro,zone001_cluster_42_sector001_macro,85.5541229248,0.0,115545.40625,
cluster_42_sector001_macro,zone002_cluster_42_sector001_macro,103750.5,0.0,20340.15234375,
cluster_42_sector001_macro,zone003_cluster_42_sector001_macro,-427.3376464844,0.0,-75385.25,
cluster_42_sector001_macro,zone004_cluster_42_sector001_macro,-127621.703125,0.0,-33782.69921875,
cluster_42_sector002_macro,tzonecluster_42_sector002shcon7_gatezone_macro,-200000.0,0.0,50000.0,
cluster_42_sector002_macro,tzonecluster_42_sector002shcon8_gatezone_macro,-200000.0,0.0,39768.40234375,
cluster_42_sector002_macro,zone001_cluster_42_sector002_macro,30109.375,0.0,115545.40625,
cluster_42_sector002_macro,zone002_cluster_42_sector002_macro,140375.0,0.0,134150.09375,
cluster_42_sector002_macro,zone003_cluster_42_sector002_macro,18804.6875,0.0,-122626.5859375,
cluster_42_sector002_macro,zone004_cluster_42_sector002_macro,-97593.75,0.0,-33782.69921875,
cluster_42_sector002_macro,zone005_cluster_42_sector002_macro,-113179.6875,0.0,112771.0078125,
cluster_43_sector001_macro,zone001_cluster_43_sector001_macro,85.5541229248,0.0,115545.40625,
cluster_43_sector001_macro,zone002_cluster_43_sector001_macro,126773.46875,0.0,84312.796875,
cluster_43_sector001_macro,zone003_cluster_43_sector001_macro,33098.4765625,0.0,-121434.3046875,
cluster_43_sector001_macro,zone004_cluster_43_sector001_macro,-127621.703125,0.0,-33782.69921875,
cluster_44_sector001_macro,zone001_cluster_44_sector001_macro,85.5541229248,0.0,115545.40625,
cluster_44_sector001_macro,zone002_cluster_44_sector001_macro,103750.5,0.0,20340.15234375,
cluster_44_sector001_macro,zone003_cluster_44_sector001_macro,-427.3376464844,0.0,-75385.25,
cluster_44_sector001_macro,zone004_cluster_44_sector001_macro,-127621.703125,0.0,-33782.69921875,
cluster_44_sector001_macro,zone005_cluster_44_sector001_macro,-14468.673828125,0.0,-1060.8215332031,
cluster_45_sector001_macro,zone001_cluster_45_sector001_macro,85.5541229248,0.0,115545.40625,
cluster_45_sector001_macro,zone002_cluster_45_sector001_macro,103750.5,0.0,20340.15234375,
cluster_45_sector001_macro,zone003_cluster_45_sector001_macro,105806.0390625,0.0,-121910.9296875,
cluster_45_sector001_macro,zone004_cluster_45_sector001_macro,-127621.703125,0.0,-33782.69921875,
cluster_45_sector001_macro,zone005_cluster_45_sector001_macro,-121067.625,0.0,102065.3515625,
cluster_46_sector001_macro,zone001_cluster_46_sector001_macro,-123007.9765625,0.0,124675.6875,
cluster_46_sector001_macro,zone002_cluster_46_sector001_macro,134486.6875,0.0,-81845.625,
cluster_46_sector001_macro,zone003_cluster_46_sector001_macro,-427.3376464844,0.0,-143002.578125,
cluster_46_sector001_macro,zone004_cluster_46_sector001_macro,-127621.703125,0.0,-33782.69921875,
cluster_46_sector001_macro,zone005_cluster_46_sector001_macro,-14468.673828125,0.0,-1060.8215332031,
cluster_47_sector001_macro,zone001_cluster_47_sector001_macro,85.5541229248,0.0,115545.40625,
cluster_47_sector001_macro,zone002_cluster_47_sector001_macro,131873.140625,0.0,-42315.703125,
cluster_47_sector001_macro,zone003_cluster_47_sector001_macro,-427.3376464844,0.0,-141828.21875,
cluster_47_sector001_macro,zone004_cluster_47_sector001_macro,-136281.578125,0.0,75532.390625,
cluster_47_sector001_macro,zone005_cluster_47_sector001_macro,-14468.673828125,0.0,-1060.8215332031,
cluster_48_sector001_macro,zone001_cluster_48_sector001_macro,-106998.9140625,0.0,77455.4296875,
cluster_48_sector001_macro,zone002_cluster_48_sector001_macro,34082.6796875,0.0,285527.03125,
cluster_48_sector001_macro,zone003_cluster_48_sector001_macro,-49561.94140625,0.0,-104808.9375,
cluster_48_sector001_macro,zone004_cluster_48_sector001_macro,232354.296875,0.0,104691.8203125,
cluster_48_sector001_macro,zone005_cluster_48_sector01_macro,305554.1875,-65343.75,-201126.65625,
cluster_48_sector001_macro,zone006_cluster_48_sector001_macro,-106998.9140625,0.0,186408.4296875,
cluster_49_sector001_macro,zone001_cluster_49_sector001_macro,89982.4921875,0.0,-100098.1640625,
cluster_49_sector001_macro,zone002_cluster_49_sector001_macro,-57062.328125,0.0,61362.80859375,
cluster_49_sector001_macro,zone003_cluster_49_sector001_macro,45571.9921875,0.0,108137.7109375,
cluster_49_sector001_macro,zone004_cluster_49_sector001_macro,50742.0078125,0.0,5897.970703125,
cluster_500_sector001_macro,tzonecluster_500_sector001shcon10_gatezone_macro,-45738.28,0.0,-200000.0,ego_dlc_pirate
cluster_500_sector001_macro,tzonecluster_500_sector001shcon2_gatezone_macro,66960.9,0.0,-207957.0,ego_dlc_pirate
cluster_500_sector001_macro,tzonecluster_500_sector001shcon4_gatezone_macro,76886.7,0.0,-207957.0,ego_dlc_pirate
cluster_500_sector001_macro,tzonecluster_500_sector001shcon6_gatezone_macro,-55785.2,0.0,-200000.0,ego_dlc_pirate
cluster_500_sector001_macro,zone001_cluster_500_sector001_macro,-127062.5,0.0,133718.8,ego_dlc_pirate
cluster_500_sector001_macro,zone002_cluster_500_sector001_macro,-10960.94,0.0,112070.3,ego_dlc_pirate
cluster_500_sector001_macro,zone003_cluster_500_sector001_macro,-97898.44,0.0,-23632.81,ego_dlc_pirate
cluster_500_sector001_macro,zone004_cluster_500_sector001_macro,103164.1,0.0,-32492.19,ego_dlc_pirate
cluster_500_sector001_macro,zone005_cluster_500_sector001_macro,-23023.44,0.0,-160132.8,ego_dlc_pirate
cluster_500_sector002_macro,tzonecluster_500_sector002shcon5_gatezone_macro,-50000.0,0.0,200000.0,ego_dlc_pirate
cluster_500_sector002_macro,tzonecluster_500_sector002shcon9_gatezone_macro,-39827.2,0.0,200000.0,ego_dlc_pirate
cluster_500_sector002_macro,zone001_cluster_500_sector002_macro,-78593.63,0.0,157937.5,ego_dlc_pirate
cluster_500_sector002_macro,zone002_cluster_500_sector002_macro,-118489.4,0.0,-131687.5,ego_dlc_pirate
cluster_500_sector002_macro,zone003_cluster_500_sector002_macro,-7132.69,0.0,531.25,ego_dlc_pirate
cluster_500_sector002_macro,zone004_cluster_500_sector002_macro,101721.7,0.0,100656.3,ego_dlc_pirate
cluster_500_sector002_macro,zone005_cluster_500_sector002_macro,98694.83,0.0,-126406.3,ego_dlc_pirate
cluster_500_sector002_macro,zone006_cluster_500_sector002_macro,-184409.83,0.0,-3343.0,ego_dlc_pirate
cluster_500_sector003_macro,tzonecluster_500_sector003shcon5_gatezone_macro,40054.7,0.0,200000.0,ego_dlc_pirate
cluster_500_sector003_macro,tzonecluster_500_sector003shcon9_gatezone_macro,50000.0,0.0,200000.0,ego_dlc_pirate
cluster_500_sector003_macro,zone001_cluster_500_sector003_macro,-117046.9,0.0,82593.75,ego_dlc_pirate
cluster_500_sector003_macro,zone002_cluster_500_sector003_macro,44015.63,0.0,158125.0,ego_dlc_pirate
cluster_500_sector003_macro,zone003_cluster_500_sector003_macro,-115796.9,0.0,-96109.38,ego_dlc_pirate
cluster_500_sector003_macro,zone004_cluster_500_sector003_macro,110359.4,0.0,7250.0,ego_dlc_pirate
cluster_500_sector003_macro,zone005_cluster_500_sector003_macro,34671.88,0.0,-152515.6,ego_dlc_pirate
cluster_501_sector001_macro,zone001_cluster_501_sector001_macro,-127062.5,0.0,133718.8,ego_dlc_pirate
cluster_501_sector001_macro,zone002_cluster_501_sector001_macro,-10960.94,0.0,112070.3,ego_dlc_pirate
cluster_501_sector001_macro,zone003_cluster_501_sector001_macro,-97898.44,0.0,-23632.81,ego_dlc_pirate
cluster_501_sector001_macro,zone004_cluster_501_sector001_macro,103164.1,0.0,-32492.19,ego_dlc_pirate
cluster_501_sector001_macro,zone005_cluster_501_sector001_macro,-23023.44,0.0,-160132.8,ego_dlc_pirate
cluster_502_sector001_macro,zone001_cluster_502_sector001_macro,-127062.5,0.0,133718.8,ego_dlc_pirate
cluster_502_sector001_macro,zone002_cluster_502_sector001_macro,108009.3,0.0,115933.7,ego_dlc_pirate
cluster_502_sector001_macro,zone003_cluster_502_sector001_macro,-97898.44,0.0,-23632.81,ego_dlc_pirate
cluster_502_sector001_macro,zone004_cluster_502_sector001_macro,103164.1,0.0,-32492.19,ego_dlc_pirate
cluster_502_sector001_macro,zone005_cluster_502_sector001_macro,-23023.44,0.0,-160132.8,ego_dlc_pirate
cluster_502_sector001_macro,zone006_cluster_502_sector001_macro,47000.0,0.0,172000.0,ego_dlc_pirate
cluster_503_sector001_macro,zone001_cluster_503_sector001_macro,-190039.3,0.0,180073.9,ego_dlc_pirate
cluster_503_sector001_macro,zone002_cluster_503_sector001_macro,-2269.199,0.0,165758.4,ego_dlc_pirate
cluster_503_sector001_macro,zone003_cluster_503_sector001_macro,-199365.3,0.0,-55454.45,ego_dlc_pirate
cluster_503_sector001_macro,zone004_cluster_503_sector001_macro,139680.0,0.0,-3215.59,ego_dlc_pirate
cluster_503_sector001_macro,zone005_cluster_503_sector001_macro,-23023.44,0.0,-160132.8,ego_dlc_pirate
cluster_504_sector001_macro,zone001_cluster_504_sector001_macro,-127062.5,0.0,133718.8,ego_dlc_pirate
cluster_504_sector001_macro,zone002_cluster_504_sector001_macro,137904.1,0.0,135199.3,ego_dlc_pirate
cluster_504_sector001_macro,zone003_cluster_504_sector001_macro,-226443.3,0.0,-97194.67,ego_dlc_pirate
cluster_504_sector001_macro,zone004_cluster_504_sector001_macro,157616.8,0.0,-84263.63,ego_dlc_pirate
cluster_504_sector001_macro,zone005_cluster_504_sector001_macro,-23023.44,0.0,-160132.8,ego_dlc_pirate
cluster_50_sector001_macro,tzonecluster_50_sector001shcon10_gatezone_macro,161340.546875,0.0,-200000.0,
cluster_50_sector001_macro,tzonecluster_50_sector001shcon6_gatezone_macro,151323.765625,0.0,-200000.0,
cluster_50_sector001_macro,zone001_cluster_50_sector001_macro,-75651.140625,0.0,47144.2890625,
cluster_50_sector001_macro,zone002_cluster_50_sector001_macro,-48260.4375,0.0,-111433.453125,
cluster_50_sector001_macro,zone003_cluster_50_sector001_macro,142032.859375,0.0,-157565.171875,
cluster_50_sector001_macro,zone004_cluster_50_sector001_macro,87251.453125,0.0,84626.3046875,
cluster_50_sector002_macro,tzonecluster_50_sector002shcon5_gatezone_macro,-50000.0,0.0,200000.0,
cluster_50_sector002_macro,tzonecluster_50_sector002shcon9_gatezone_macro,-39984.375,0.0,200000.0,
cluster_50_sector002_macro,zone001_cluster_50_sector002_macro,-43128.90625,0.0,157906.25,
cluster_50_sector002_macro,zone002_cluster_50_sector002_macro,126734.375,0.0,62085.9375,
cluster_50_sector002_macro,zone003_cluster_50_sector002_macro,103726.5625,0.0,-117593.75,
cluster_50_sector002_macro,zone004_cluster_50_sector002_macro,-96515.625,0.0,-104859.375,
cluster_601_sector001_macro,zone001_cluster_601_sector001_macro,85.55412,0.0,115545.4,ego_dlc_boron
cluster_601_sector001_macro,zone002_cluster_601_sector001_macro,137328.5,0.0,138576.5,ego_dlc_boron
cluster_601_sector001_macro,zone003_cluster_601_sector001_macro,105554.4,0.0,-127903.8,ego_dlc_boron
cluster_601_sector001_macro,zone004_cluster_601_sector001_macro,-127517.8,0.0,34255.37,ego_dlc_boron
cluster_601_sector001_macro,zone005_cluster_601_sector001_macro,-129500.2,0.0,-126969.5,ego_dlc_boron
cluster_602_sector001_macro,zone001_cluster_602_sector001_macro,85.55412,0.0,115545.4,ego_dlc_boron
cluster_602_sector001_macro,zone002_cluster_602_sector001_macro,-4656.418,0.0,-121536.6,ego_dlc_boron
cluster_602_sector001_macro,zone003_cluster_602_sector001_macro,121474.9,0.0,-4501.229,ego_dlc_boron
cluster_602_sector001_macro,zone004_cluster_602_sector001_macro,-133889.7,0.0,-88467.94,ego_dlc_boron
cluster_602_sector001_macro,zone005_cluster_602_sector001_macro,-113247.6,0.0,72268.07,ego_dlc_boron
cluster_603_sector001_macro,zone001_cluster_603_sector001_macro,-98169.94,0.0,101618.8,ego_dlc_boron
cluster_603_sector001_macro,zone002_cluster_603_sector001_macro,22972.12,0.0,119150.4,ego_dlc_boron
cluster_603_sector001_macro,zone003_cluster_603_sector001_macro,123600.2,0.0,-99607.15,ego_dlc_boron
cluster_603_sector001_macro,zone004_cluster_603_sector001_macro,142074.0,0.0,71801.65,ego_dlc_boron
cluster_603_sector001_macro,zone005_cluster_603_sector001_macro,-57990.49,0.0,-130164.1,ego_dlc_boron
cluster_604_sector001_macro,zone001_cluster_604_sector001_macro,-30677.88,0.0,-122754.3,ego_dlc_boron
cluster_604_sector001_macro,zone002_cluster_604_sector001_macro,121771.5,0.0,106741.4,ego_dlc_boron
cluster_604_sector001_macro,zone003_cluster_604_sector001_macro,105554.4,0.0,-127903.8,ego_dlc_boron
cluster_604_sector001_macro,zone004_cluster_604_sector001_macro,-22312.77,0.0,118045.5,ego_dlc_boron
cluster_604_sector001_macro,zone005_cluster_604_sector001_macro,-73025.88,0.0,-1060.822,ego_dlc_boron
cluster_605_sector001_macro,zone001_cluster_605_sector001_macro,-15863.0,0.0,31730.0,ego_dlc_boron
cluster_605_sector001_macro,zone002_cluster_605_sector001_macro,55319.0,0.0,-98948.0,ego_dlc_boron
cluster_605_sector001_macro,zone003_cluster_605_sector001_macro,-87130.6,0.0,-70078.0,ego_dlc_boron
cluster_605_sector001_macro,zone004_cluster_605_sector001_macro,-84684.0,0.0,55644.57,ego_dlc_boron
cluster_605_sector001_macro,zone005_cluster_605_sector001_macro,90789.0,0.0,39800.822,ego_dlc_boron
cluster_606_sector001_macro,tzonecluster_606_sector001shcon10_gatezone_macro,-43159.09,0.0,-200000.0,ego_dlc_boron
cluster_606_sector001_macro,tzonecluster_606_sector001shcon11_gatezone_macro,200000.0,0.0,50000.0,ego_dlc_boron
cluster_606_sector001_macro,tzonecluster_606_sector001shcon6_gatezone_macro,-50000.0,0.0,-200000.0,ego_dlc_boron
cluster_606_sector001_macro,zone001_cluster_606_sector001_macro,133484.8,0.0,131372.6,ego_dlc_boron
cluster_606_sector001_macro,zone002_cluster_606_sector001_macro,-22721.23,0.0,-122067.9,ego_dlc_boron
cluster_606_sector001_macro,zone003_cluster_606_sector001_macro,105554.4,0.0,-127903.8,ego_dlc_boron
cluster_606_sector001_macro,zone004_cluster_606_sector001_macro,-127513.9,0.0,82085.13,ego_dlc_boron
cluster_606_sector001_macro,zone005_cluster_606_sector001_macro,51992.35,0.0,-1060.822,ego_dlc_boron
cluster_606_sector002_macro,tzonecluster_606_sector002shcon11_gatezone_macro,200000.0,0.0,-40046.88,ego_dlc_boron
cluster_606_sector002_macro,tzonecluster_606_sector002shcon12_gatezone_macro,200000.0,0.0,-25000.0,ego_dlc_boron
cluster_606_sector002_macro,tzonecluster_606_sector002shcon5_gatezone_macro,40468.75,0.0,200000.0,ego_dlc_boron
cluster_606_sector002_macro,tzonecluster_606_sector002shcon9_gatezone_macro,50000.0,0.0,200000.0,ego_dlc_boron
cluster_606_sector002_macro,zone001_cluster_606_sector002_macro,-107447.6,0.0,124554.7,ego_dlc_boron
cluster_606_sector002_macro,zone002_cluster_606_sector002_macro,50325.93,0.0,153750.0,ego_dlc_boron
cluster_606_sector002_macro,zone003_cluster_606_sector002_macro,156852.0,0.0,-61492.19,ego_dlc_boron
cluster_606_sector002_macro,zone004_cluster_606_sector002_macro,-119849.7,0.0,-93007.81,ego_dlc_boron
cluster_606_sector002_macro,zone005_cluster_606_sector002_macro,-6696.777,0.0,-60289.06,ego_dlc_boron
cluster_606_sector003_macro,tzonecluster_606_sector003shcon7_gatezone_macro,-200000.0,0.0,-44060.06,ego_dlc_boron
cluster_606_sector003_macro,tzonecluster_606_sector003shcon8_gatezone_macro,-200000.0,0.0,-25000.0,ego_dlc_boron
cluster_606_sector003_macro,zone001_cluster_606_sector003_macro,-46281.25,0.0,138438.5,ego_dlc_boron
cluster_606_sector003_macro,zone002_cluster_606_sector003_macro,115195.3,0.0,14787.11,ego_dlc_boron
cluster_606_sector003_macro,zone003_cluster_606_sector003_macro,117000.0,0.0,-133457.0,ego_dlc_boron
cluster_606_sector003_macro,zone004_cluster_606_sector003_macro,-144757.8,0.0,-39335.94,ego_dlc_boron
cluster_606_sector003_macro,zone005_cluster_606_sector003_macro,-3023.438,0.0,-6614.258,ego_dlc_boron
cluster_607_sector001_macro,zone001_cluster_607_sector001_macro,-96044.66,0.0,106400.7,ego_dlc_boron
cluster_607_sector001_macro,zone002_cluster_607_sector001_macro,23503.43,0.0,118619.1,ego_dlc_boron
cluster_607_sector001_macro,zone003_cluster_607_sector001_macro,105554.4,0.0,-127903.8,ego_dlc_boron
cluster_607_sector001_macro,zone004_cluster_607_sector001_macro,-76997.9,0.0,-117440.4,ego_dlc_boron
cluster_607_sector001_macro,zone005_cluster_607_sector001_macro,131077.1,0.0,2934.617,ego_dlc_boron
cluster_608_sector001_macro,zone001_cluster_608_sector001_macro,138576.6,0.0,85026.23,ego_dlc_boron
cluster_608_sector001_macro,zone002_cluster_608_sector001_macro,-115973.5,0.0,117824.6,ego_dlc_boron
cluster_608_sector001_macro,zone003_cluster_608_sector001_macro,105554.4,0.0,-127903.8,ego_dlc_boron
cluster_608_sector001_macro,zone004_cluster_608_sector001_macro,-128151.2,0.0,-109468.4,ego_dlc_boron
cluster_608_sector001_macro,zone005_cluster_608_sector001_macro,-14468.67,0.0,-1060.822,ego_dlc_boron
cluster_609_sector001_macro,zone001_cluster_609_sector001_macro,-93144.93,0.0,68418.03,ego_dlc_boron
cluster_609_sector001_macro,zone002_cluster_609_sector001_macro,-67369.28,0.0,148723.7,ego_dlc_boron
cluster_609_sector001_macro,zone003_cluster_609_sector001_macro,41106.73,0.0,-87067.31,ego_dlc_boron
cluster_609_sector001_macro,zone004_cluster_609_sector001_macro,158696.5,0.0,-62249.09,ego_dlc_boron
cluster_609_sector001_macro,zone005_cluster_609_sector001_macro,-60807.18,0.0,-32170.72,ego_dlc_boron
cluster_701_sector001_macro,zone001_cluster_701_sector001_macro,85.55412,0.0,115545.4,ego_dlc_timelines
cluster_701_sector001_macro,zone002_cluster_701_sector001_macro,130142.0,0.0,48135.1,ego_dlc_timelines
cluster_701_sector001_macro,zone003_cluster_701_sector001_macro,105554.4,0.0,-127903.8,ego_dlc_timelines
cluster_701_sector001_macro,zone004_cluster_701_sector001_macro,-127517.8,0.0,34255.37,ego_dlc_timelines
cluster_701_sector001_macro,zone005_cluster_701_sector001_macro,-129500.2,0.0,-126969.5,ego_dlc_timelines
cluster_702_sector001_macro,zone001_cluster_702_sector001_macro,85.55412,0.0,115545.4,ego_dlc_timelines
cluster_702_sector001_macro,zone002_cluster_702_sector001_macro,130142.0,0.0,48135.1,ego_dlc_timelines
cluster_702_sector001_macro,zone003_cluster_702_sector001_macro,17314.51,0.0,-127903.8,ego_dlc_timelines
cluster_702_sector001_macro,zone004_cluster_702_sector001_macro,-127517.8,0.0,34255.37,ego_dlc_timelines
cluster_702_sector001_macro,zone005_cluster_702_sector001_macro,-129500.2,0.0,-126969.5,ego_dlc_timelines
cluster_703_sector001_macro,zone001_cluster_703_sector001_macro,85.55412,0.0,115545.4,ego_dlc_timelines
cluster_703_sector001_macro,zone002_cluster_703_sector001_macro,130142.0,0.0,48135.1,ego_dlc_timelines
cluster_703_sector001_macro,zone003_cluster_703_sector001_macro,105554.4,0.0,-127903.8,ego_dlc_timelines
cluster_703_sector001_macro,zone004_cluster_703_sector001_macro,-127517.8,0.0,34255.37,ego_dlc_timelines
cluster_703_sector001_macro,zone005_cluster_703_sector001_macro,-129500.2,0.0,-126969.5,ego_dlc_timelines
cluster_704_sector001_macro,zone001_cluster_704_sector001_macro,85.55412,0.0,115545.4,ego_dlc_timelines
cluster_704_sector001_macro,zone002_cluster_704_sector001_macro,130142.0,0.0,48135.1,ego_dlc_timelines
cluster_704_sector001_macro,zone003_cluster_704_sector001_macro,105554.4,0.0,-127903.8,ego_dlc_timelines
cluster_704_sector001_macro,zone004_cluster_704_sector001_macro,-127517.8,0.0,34255.37,ego_dlc_timelines
cluster_704_sector001_macro,zone005_cluster_704_sector001_macro,-129500.2,0.0,-126969.5,ego_dlc_timelines
cluster_705_sector001_macro,zone001_cluster_705_sector001_macro,85.55412,0.0,115545.4,ego_dlc_timelines
cluster_705_sector001_macro,zone002_cluster_705_sector001_macro,130142.0,0.0,-16349.69,ego_dlc_timelines
cluster_705_sector001_macro,zone003_cluster_705_sector001_macro,105554.4,0.0,-127903.8,ego_dlc_timelines
cluster_705_sector001_macro,zone004_cluster_705_sector001_macro,-127517.8,0.0,34255.37,ego_dlc_timelines
cluster_705_sector001_macro,zone005_cluster_705_sector001_macro,-129500.2,0.0,-126969.5,ego_dlc_timelines
cluster_706_sector001_macro,zone001_cluster_706_sector001_macro,85.55412,0.0,115545.4,ego_dlc_timelines
cluster_706_sector001_macro,zone002_cluster_706_sector001_macro,130142.0,0.0,48135.1,ego_dlc_timelines
cluster_706_sector001_macro,zone003_cluster_706_sector001_macro,105554.4,0.0,-127903.8,ego_dlc_timelines
cluster_706_sector001_macro,zone004_cluster_706_sector001_macro,-127517.8,0.0,34255.37,ego_dlc_timelines
cluster_706_sector001_macro,zone005_cluster_706_sector001_macro,-129500.2,0.0,-126969.5,ego_dlc_timelines
cluster_708_sector001_macro,zone001_cluster_708_sector001_macro,85.55412,0.0,115545.4,ego_dlc_timelines
cluster_708_sector001_macro,zone002_cluster_708_sector001_macro,130142.0,0.0,48135.1,ego_dlc_timelines
cluster_708_sector001_macro,zone003_cluster_708_sector001_macro,105554.4,0.0,-127903.8,ego_dlc_timelines
cluster_708_sector001_macro,zone004_cluster_708_sector001_macro,-127517.8,0.0,34255.37,ego_dlc_timelines
cluster_708_sector001_macro,zone005_cluster_708_sector001_macro,-129500.2,0.0,-126969.5,ego_dlc_timelines
cluster_709_sector001_macro,zone001_cluster_709_sector001_macro,85.55412,0.0,115545.4,
cluster_709_sector001_macro,zone002_cluster_709_sector001_macro,137328.5,0.0,138576.5,
cluster_709_sector001_macro,zone003_cluster_709_sector001_macro,105554.4,0.0,-127903.8,
cluster_709_sector001_macro,zone004_cluster_709_sector001_macro,-127517.8,0.0,34255.37,
cluster_709_sector001_macro,zone005_cluster_709_sector001_macro,-129500.2,0.0,-126969.5,
cluster_710_sector001_macro,zone001_cluster_710_sector001_macro,85.55412,0.0,115545.4,
cluster_710_sector001_macro,zone002_cluster_710_sector001_macro,137328.5,0.0,138576.5,
cluster_710_sector001_macro,zone003_cluster_710_sector001_macro,105554.4,0.0,-127903.8,
cluster_710_sector001_macro,zone004_cluster_710_sector001_macro,-127517.8,0.0,34255.37,
cluster_710_sector001_macro,zone005_cluster_710_sector001_macro,-129500.2,0.0,-126969.5,
cluster_711_sector001_macro,zone001_cluster_711_sector001_macro,85.55412,0.0,115545.4,
cluster_711_sector001_macro,zone002_cluster_711_sector001_macro,137328.5,0.0,138576.5,
cluster_711_sector001_macro,zone003_cluster_711_sector001_macro,105554.4,0.0,-127903.8,
cluster_711_sector001_macro,zone004_cluster_711_sector001_macro,-127517.8,0.0,34255.37,
cluster_711_sector001_macro,zone005_cluster_711_sector001_macro,-129500.2,0.0,-126969.5,
cluster_712_sector001_macro,zone001_cluster_712_sector001_macro,85.55412,0.0,115545.4,
cluster_712_sector001_macro,zone002_cluster_712_sector001_macro,137328.5,0.0,138576.5,
cluster_712_sector001_macro,zone003_cluster_712_sector001_macro,105554.4,0.0,-127903.8,
cluster_712_sector001_macro,zone004_cluster_712_sector001_macro,-127517.8,0.0,34255.37,
cluster_712_sector001_macro,zone005_cluster_712_sector001_macro,-129500.2,0.0,-126969.5,
cluster_713_sector001_macro,zone001_cluster_713_sector001_macro,85.55412,0.0,115545.4,
cluster_713_sector001_macro,zone002_cluster_713_sector001_macro,137328.5,0.0,138576.5,
cluster_713_sector001_macro,zone003_cluster_713_sector001_macro,105554.4,0.0,-127903.8,
cluster_713_sector001_macro,zone004_cluster_713_sector001_macro,-127517.8,0.0,34255.37,
cluster_713_sector001_macro,zone005_cluster_713_sector001_macro,-129500.2,0.0,-126969.5,
cluster_714_sector001_macro,zone001_cluster_714_sector001_macro,85.55412,0.0,115545.4,
cluster_714_sector001_macro,zone002_cluster_714_sector001_macro,137328.5,0.0,138576.5,
cluster_714_sector001_macro,zone003_cluster_714_sector001_macro,105554.4,0.0,-127903.8,
cluster_714_sector001_macro,zone004_cluster_714_sector001_macro,-127517.8,0.0,34255.37,
cluster_714_sector001_macro,zone005_cluster_714_sector001_macro,-129500.2,0.0,-126969.5,
cluster_715_sector001_macro,zone001_cluster_715_sector001_macro,85.55412,0.0,115545.4,
cluster_715_sector001_macro,zone002_cluster_715_sector001_macro,137328.5,0.0,138576.5,
cluster_715_sector001_macro,zone003_cluster_715_sector001_macro,105554.4,0.0,-127903.8,
cluster_715_sector001_macro,zone004_cluster_715_sector001_macro,-127517.8,0.0,34255.37,
cluster_715_sector001_macro,zone005_cluster_715_sector001_macro,-129500.2,0.0,-126969.5,
cluster_720_sector001_macro,zone001_cluster_720_sector001_macro,85.55412,0.0,115545.4,
cluster_720_sector001_macro,zone002_cluster_720_sector001_macro,137328.5,0.0,138576.5,
cluster_720_sector001_macro,zone003_cluster_720_sector001_macro,105554.4,0.0,-127903.8,
cluster_720_sector001_macro,zone004_cluster_720_sector001_macro,-127517.8,0.0,-26261.37,
cluster_720_sector001_macro,zone005_cluster_720_sector001_macro,-129500.2,0.0,-126969.5,
cluster_721_sector001_macro,zone001_cluster_721_sector001_macro,85.55412,0.0,200000.4,
cluster_721_sector001_macro,zone002_cluster_721_sector001_macro,137328.5,0.0,138576.5,
cluster_721_sector001_macro,zone003_cluster_721_sector001_macro,105554.4,0.0,-127903.8,
cluster_721_sector001_macro,zone004_cluster_721_sector001_macro,-127517.8,0.0,34255.37,
cluster_721_sector001_macro,zone005_cluster_721_sector001_macro,-129500.2,0.0,-126969.5,
cluster_722_sector001_macro,zone001_cluster_722_sector001_macro,85.55412,0.0,115545.4,
cluster_722_sector001_macro,zone002_cluster_722_sector001_macro,137328.5,0.0,138576.5,
cluster_722_sector001_macro,zone003_cluster_722_sector001_macro,105554.4,0.0,-127903.8,
cluster_722_sector001_macro,zone004_cluster_722_sector001_macro,-127517.8,0.0,34255.37,
cluster_722_sector001_macro,zone005_cluster_722_sector001_macro,-129500.2,0.0,-126969.5,
cluster_723_sector001_macro,zone001_cluster_723_sector001_macro,85.55412,0.0,115545.4,
cluster_723_sector001_macro,zone002_cluster_723_sector001_macro,137328.5,0.0,138576.5,
cluster_723_sector001_macro,zone003_cluster_723_sector001_macro,105554.4,0.0,-127903.8,
cluster_723_sector001_macro,zone004_cluster_723_sector001_macro,-127517.8,0.0,34255.37,
cluster_723_sector001_macro,zone005_cluster_723_sector001_macro,-129500.2,0.0,-126969.5,
cluster_724_sector001_macro,zone001_cluster_724_sector001_macro,85.55412,0.0,115545.4,
cluster_724_sector001_macro,zone002_cluster_724_sector001_macro,137328.5,0.0,138576.5,
cluster_724_sector001_macro,zone003_cluster_724_sector001_macro,105554.4,0.0,-127903.8,
cluster_724_sector001_macro,zone004_cluster_724_sector001_macro,0.0,0.0,0.0,
cluster_724_sector001_macro,zone005_cluster_724_sector001_macro,-129500.2,0.0,-126969.5,
cluster_725_sector001_macro,zone001_cluster_725_sector001_macro,85.55412,0.0,115545.4,
cluster_725_sector001_macro,zone002_cluster_725_sector001_macro,137328.5,0.0,176.5,
cluster_725_sector001_macro,zone003_cluster_725_sector001_macro,156890.0,0.0,-124320.0,
cluster_725_sector001_macro,zone004_cluster_725_sector001_macro,-100000.0,0.0,55000.0,
cluster_725_sector001_macro,zone005_cluster_725_sector001_macro,-1500.2,0.0,-126969.5,
cluster_730_sector001_macro,zone001_cluster_730_sector001_macro,85.55412,0.0,115545.4,ego_dlc_mini_01
cluster_730_sector001_macro,zone002_cluster_730_sector001_macro,137328.5,0.0,138576.5,ego_dlc_mini_01
cluster_730_sector001_macro,zone003_cluster_730_sector001_macro,105554.4,0.0,-127903.8,ego_dlc_mini_01
cluster_730_sector001_macro,zone004_cluster_730_sector001_macro,-127517.8,0.0,34255.37,ego_dlc_mini_01
cluster_730_sector001_macro,zone005_cluster_730_sector001_macro,-129500.2,0.0,-126969.5,ego_dlc_mini_01
cluster_740_sector001_macro,zone001_cluster_740_sector001_macro,85.55412,0.0,115545.4,ego_dlc_mini_02
cluster_740_sector001_macro,zone002_cluster_740_sector001_macro,200000.0,0.0,0.0,ego_dlc_mini_02
cluster_740_sector001_macro,zone003_cluster_740_sector001_macro,105554.4,0.0,-127903.8,ego_dlc_mini_02
cluster_740_sector001_macro,zone004_cluster_740_sector001_macro,-127517.8,0.0,34255.37,ego_dlc_mini_02
cluster_740_sector001_macro,zone005_cluster_740_sector001_macro,-129500.2,0.0,-126969.5,ego_dlc_mini_02
